LocationDesc,YearStart,obesity,overweight,activity_150,activity_150_strength,activity_300,muscle_strengthening,no_leisure_activity,fruit_lt_1_per_day,vegetables_lt_1_per_day
Alabama,2011,32,34.7,42.4,15,23.9,24.7,32.6,NA,NA
Alaska,2011,27.4,38.9,57.9,25,37.7,33.8,22,NA,NA
Arizona,2011,25.1,37.8,52.8,24.2,33.1,32.5,24.1,NA,NA
Arkansas,2011,30.9,33.9,45.7,16.7,27.8,24.7,30.9,NA,NA
California,2011,23.8,36.4,58.2,23.7,36.1,32.1,19.1,NA,NA
Colorado,2011,20.7,35.4,61.8,27.3,40.7,35.6,16.5,NA,NA
Connecticut,2011,24.5,35.2,52.6,21.8,32.8,30.6,25.5,NA,NA
Delaware,2011,28.8,35,48.5,21.5,28.3,32.3,27,NA,NA
District of Columbia,2011,23.7,29.1,57.6,26.3,34.4,36.1,19.8,NA,NA
Florida,2011,26.6,36.7,52.8,21.4,33.7,29.2,26.9,NA,NA
Georgia,2011,28,34.7,50.7,20.7,31.8,30.2,26.7,NA,NA
Hawaii,2011,21.8,33.8,58.5,23.7,38.1,32.1,21.3,NA,NA
Idaho,2011,27,35.2,57.2,22.4,35.9,30.3,21.4,NA,NA
Illinois,2011,27.1,36.9,51.7,22,31.2,31.4,25.1,NA,NA
Indiana,2011,30.8,34.8,46,17.3,27.5,26,29.2,NA,NA
Iowa,2011,29,35.8,47.6,17.2,26.9,27.5,25.9,NA,NA
Kansas,2011,29.6,34.8,46.8,16.5,26.4,24.5,26.8,NA,NA
Kentucky,2011,30.4,36.1,46.8,17.3,29.3,26.3,29.3,NA,NA
Louisiana,2011,33.4,34.1,42,15.5,25.9,23.9,33.8,NA,NA
Maine,2011,27.8,37.2,56.7,20.6,35.6,27.5,23,NA,NA
Maryland,2011,28.3,36.1,48.7,19.8,28.8,30.2,26.2,NA,NA
Massachusetts,2011,22.7,36.6,56.3,23.3,35.7,32,23.5,NA,NA
Michigan,2011,31.3,34.2,53.5,19.7,33.6,28.8,23.6,NA,NA
Minnesota,2011,25.7,36.8,54,20.9,33.7,29.6,21.9,NA,NA
Mississippi,2011,34.9,34,40,14.2,23.7,23.9,36,NA,NA
Missouri,2011,30.3,34.6,49.5,17.3,30.5,24.7,28.4,NA,NA
Montana,2011,24.6,35.6,55.3,21.8,36,30.2,24.4,NA,NA
Nebraska,2011,28.4,36.5,49,19,28.6,28.1,26.3,NA,NA
Nevada,2011,24.5,35.7,52.6,21.3,33.8,30.1,24.3,NA,NA
New Hampshire,2011,26.2,35.4,56.1,22.3,34.3,30.4,22.5,NA,NA
New Jersey,2011,23.7,37.8,53.2,23.1,33.1,31.7,26.4,NA,NA
New Mexico,2011,26.3,35.8,52.2,22.3,33.1,31.5,25.3,NA,NA
New York,2011,24.5,35.8,51.5,21.5,32,30.1,26.3,NA,NA
North Carolina,2011,29.1,36,46.8,18.3,28.2,27.7,26.7,NA,NA
North Dakota,2011,27.8,36,47.3,18,26.1,27.4,27.1,NA,NA
Ohio,2011,29.6,36.2,51.6,21.4,32.9,30.4,27,NA,NA
Oklahoma,2011,31.1,34.3,44.8,16.2,27.1,23.8,31.2,NA,NA
Oregon,2011,26.7,34.8,61.1,23.4,40.7,30.9,19.8,NA,NA
Pennsylvania,2011,28.6,36,49.4,18.8,29.9,27.8,26.2,NA,NA
Rhode Island,2011,25.4,37.1,48.7,19.5,29.1,28.5,26.2,NA,NA
South Carolina,2011,30.8,35,50,18.5,30.6,27.6,27.2,NA,NA
South Dakota,2011,28.1,36.3,46.1,16,25.3,26.1,27,NA,NA
Tennessee,2011,29.2,37.3,39,12.7,22.7,20.6,35.1,NA,NA
Texas,2011,30.4,35.4,48.2,19,27.6,28.3,27.2,NA,NA
Utah,2011,24.4,34.5,55.8,22.5,33.6,32.3,18.9,NA,NA
Vermont,2011,25.4,34.3,59.2,21.6,39.9,29,21,NA,NA
Virginia,2011,29.2,34.1,52.4,22.7,33.6,33.4,25,NA,NA
Washington,2011,26.5,34.5,54.2,21,34,30.6,22,NA,NA
West Virginia,2011,32.4,36.5,43,12.7,26.1,20.2,35.1,NA,NA
Wisconsin,2011,27.7,36.2,57.4,22.3,35.4,29.2,22.7,NA,NA
Wyoming,2011,25,36.3,53.1,21.2,33,29.6,25.5,NA,NA
National,2011,27.4,35.8,51.6,20.6,31.8,29.3,25.4,NA,NA
Alabama,2012,33,34.8,NA,NA,NA,NA,27.2,NA,NA
Alaska,2012,25.7,39.1,NA,NA,NA,NA,18.5,NA,NA
Arizona,2012,26,36,NA,NA,NA,NA,22.6,NA,NA
Arkansas,2012,34.5,34.2,NA,NA,NA,NA,31.5,NA,NA
California,2012,25,35.3,NA,NA,NA,NA,19.2,NA,NA
Colorado,2012,20.5,35.2,NA,NA,NA,NA,17,NA,NA
Connecticut,2012,25.6,36.7,NA,NA,NA,NA,22.1,NA,NA
Delaware,2012,26.9,39.1,NA,NA,NA,NA,23.5,NA,NA
District of Columbia,2012,21.9,30,NA,NA,NA,NA,17.4,NA,NA
Florida,2012,25.2,36.9,NA,NA,NA,NA,23.3,NA,NA
Georgia,2012,29.1,35.5,NA,NA,NA,NA,23.6,NA,NA
Hawaii,2012,23.6,32.5,NA,NA,NA,NA,18.7,NA,NA
Idaho,2012,26.8,35.8,NA,NA,NA,NA,20.3,NA,NA
Illinois,2012,28.1,35.8,NA,NA,NA,NA,21.8,NA,NA
Indiana,2012,31.4,34.1,NA,NA,NA,NA,25.9,NA,NA
Iowa,2012,30.4,34.3,NA,NA,NA,NA,23.1,NA,NA
Kansas,2012,29.8,35.7,NA,NA,NA,NA,22.9,NA,NA
Kentucky,2012,31.3,35.6,NA,NA,NA,NA,29.7,NA,NA
Louisiana,2012,34.7,34.9,NA,NA,NA,NA,29.9,NA,NA
Maine,2012,28.3,35.8,NA,NA,NA,NA,20.9,NA,NA
Maryland,2012,27.6,36.2,NA,NA,NA,NA,23.1,NA,NA
Massachusetts,2012,22.9,35.9,NA,NA,NA,NA,19.8,NA,NA
Michigan,2012,31.1,34.6,NA,NA,NA,NA,23.3,NA,NA
Minnesota,2012,25.7,37.3,NA,NA,NA,NA,17.6,NA,NA
Mississippi,2012,34.6,34.3,NA,NA,NA,NA,30.8,NA,NA
Missouri,2012,29.6,36.2,NA,NA,NA,NA,24.7,NA,NA
Montana,2012,24.3,37,NA,NA,NA,NA,20.5,NA,NA
Nebraska,2012,28.6,36.4,NA,NA,NA,NA,21,NA,NA
Nevada,2012,26.2,36.3,NA,NA,NA,NA,21.3,NA,NA
New Hampshire,2012,27.3,34.9,NA,NA,NA,NA,20,NA,NA
New Jersey,2012,24.6,36.9,NA,NA,NA,NA,24.9,NA,NA
New Mexico,2012,27.1,35.7,NA,NA,NA,NA,21.8,NA,NA
New York,2012,23.6,37,NA,NA,NA,NA,24.7,NA,NA
North Carolina,2012,29.6,36.2,NA,NA,NA,NA,24.9,NA,NA
North Dakota,2012,29.7,36.6,NA,NA,NA,NA,23.8,NA,NA
Ohio,2012,30.1,35.2,NA,NA,NA,NA,25.3,NA,NA
Oklahoma,2012,32.2,35.6,NA,NA,NA,NA,28.3,NA,NA
Oregon,2012,27.3,33.8,NA,NA,NA,NA,16.3,NA,NA
Pennsylvania,2012,29.1,35.9,NA,NA,NA,NA,23.5,NA,NA
Rhode Island,2012,25.7,37.2,NA,NA,NA,NA,23.6,NA,NA
South Carolina,2012,31.6,34.5,NA,NA,NA,NA,25.1,NA,NA
South Dakota,2012,28.1,37.9,NA,NA,NA,NA,22.5,NA,NA
Tennessee,2012,31.1,34.2,NA,NA,NA,NA,28.6,NA,NA
Texas,2012,29.2,35.9,NA,NA,NA,NA,27.2,NA,NA
Utah,2012,24.3,33.5,NA,NA,NA,NA,16.5,NA,NA
Vermont,2012,23.7,36.6,NA,NA,NA,NA,17.2,NA,NA
Virginia,2012,27.4,36.2,NA,NA,NA,NA,22.5,NA,NA
Washington,2012,26.8,35.4,NA,NA,NA,NA,19,NA,NA
West Virginia,2012,33.8,34.5,NA,NA,NA,NA,31,NA,NA
Wisconsin,2012,29.7,36.8,NA,NA,NA,NA,20.4,NA,NA
Wyoming,2012,24.6,38.7,NA,NA,NA,NA,21.1,NA,NA
National,2012,27.7,35.7,NA,NA,NA,NA,23.3,NA,NA
Alabama,2013,32.4,35.7,45.4,15.9,27.3,24.9,31.5,NA,NA
Alaska,2013,28.4,37.7,55.3,25.1,36.4,36,22.3,NA,NA
Arizona,2013,26.8,35.1,51.9,22,34,31,25.2,NA,NA
Arkansas,2013,34.6,35.3,41.2,13.8,25.6,22.3,34.4,NA,NA
California,2013,24.1,36,56.3,24.1,36,33.2,21.4,NA,NA
Colorado,2013,21.3,35.1,60.4,26.7,38.5,35.9,17.9,NA,NA
Connecticut,2013,25,37.6,50.9,20.8,31.1,30,24.9,NA,NA
Delaware,2013,31.1,33.5,49.7,21.2,31.1,31.8,27.8,NA,NA
District of Columbia,2013,22.9,30.9,57.7,25.6,35.3,35.1,19.5,NA,NA
Florida,2013,26.4,36.4,50.2,19.9,31.4,29.6,27.7,NA,NA
Georgia,2013,30.3,35.4,50.8,21.5,31.2,30.7,27.2,NA,NA
Hawaii,2013,21.8,33.6,60.2,26.5,39.5,35,22.1,NA,NA
Idaho,2013,29.6,35.4,53.9,20.4,33.6,30.1,23.7,NA,NA
Illinois,2013,29.4,35.3,52.4,21.3,32.7,30.2,25.1,NA,NA
Indiana,2013,31.8,35.4,44,16.2,26.2,25.6,31,NA,NA
Iowa,2013,31.3,35.7,46.9,17.9,27.2,27.2,28.5,NA,NA
Kansas,2013,30,35.3,49.1,17.9,29.7,26.8,26.5,NA,NA
Kentucky,2013,33.2,34.1,46,16.6,28.5,25.8,30.2,NA,NA
Louisiana,2013,33.1,34.3,45.1,17.2,27.6,25.9,32.2,NA,NA
Maine,2013,28.9,36,53.6,20.5,35.5,29.6,23.3,NA,NA
Maryland,2013,28.3,35.9,48.6,21.6,28.3,32,25.3,NA,NA
Massachusetts,2013,23.6,34.4,54.5,23.5,35,32.6,23.5,NA,NA
Michigan,2013,31.5,34.7,53.1,19.5,33.9,28.8,24.4,NA,NA
Minnesota,2013,25.5,35.6,52.7,21.2,30.6,31.2,23.5,NA,NA
Mississippi,2013,35.1,34.2,37.4,14.9,22.1,24.3,38.1,NA,NA
Missouri,2013,30.4,35.1,48.6,17.4,30.6,26.4,28.3,NA,NA
Montana,2013,24.6,36.8,57.8,23.3,38.8,31.8,22.5,NA,NA
Nebraska,2013,29.6,35.9,50.1,18.8,30.8,28.4,25.3,NA,NA
Nevada,2013,26.2,38.6,53.6,23.9,33.5,32.8,23.7,NA,NA
New Hampshire,2013,26.7,35,55.4,22.7,34.8,32.6,22.4,NA,NA
New Jersey,2013,26.3,36.5,50.5,21.6,32.2,32,26.8,NA,NA
New Mexico,2013,26.4,36.3,55,23.1,34.8,32,24.3,NA,NA
New York,2013,25.4,35.9,47.3,19.4,29.1,30.1,26.7,NA,NA
North Carolina,2013,29.4,36.7,48.6,19.1,29.1,27.9,26.6,NA,NA
North Dakota,2013,31,36.6,45.3,16.4,25.9,27,27.6,NA,NA
Ohio,2013,30.4,34.7,49.5,19,31.6,28.3,28.5,NA,NA
Oklahoma,2013,32.5,35.4,43.9,15.8,27.4,24.3,33,NA,NA
Oregon,2013,26.5,33.4,64.1,24.8,42.8,31.6,18.5,NA,NA
Pennsylvania,2013,30,34.5,47.8,18.5,29.3,29.1,26.3,NA,NA
Rhode Island,2013,27.3,37.3,49.1,19.6,30.2,29.5,26.9,NA,NA
South Carolina,2013,31.7,34.7,49.1,18.6,30.4,27,26.9,NA,NA
South Dakota,2013,29.9,37.1,53.7,18.4,35.4,27.7,23.8,NA,NA
Tennessee,2013,33.7,34.7,37.7,12.2,20.6,19.6,37.2,NA,NA
Texas,2013,30.9,35.3,42.1,17.6,24.8,28.4,30.1,NA,NA
Utah,2013,24.1,35,55.3,22.4,33.5,32.3,20.6,NA,NA
Vermont,2013,24.7,37.2,58.8,23,39.1,30.3,20.5,NA,NA
Virginia,2013,27.2,36.8,51.9,22.6,32.1,32.4,25.5,NA,NA
Washington,2013,27.2,34.3,56.3,21.9,35.9,31.5,20,NA,NA
West Virginia,2013,35.1,33.7,47.6,12.7,31.3,18.6,31.4,NA,NA
Wisconsin,2013,29.8,36.7,53.4,20.9,31.9,29.8,23.8,NA,NA
Wyoming,2013,27.8,36.6,54.2,20.5,35.7,28.6,25.1,NA,NA
National,2013,28.3,35.5,50.2,20.2,31.2,29.6,26.3,NA,NA
Puerto Rico,2013,27.9,38.7,NA,NA,NA,NA,NA,NA,NA
Alabama,2014,33.5,33.4,NA,NA,NA,NA,27.6,NA,NA
Alaska,2014,29.7,35.1,NA,NA,NA,NA,19.2,NA,NA
Arizona,2014,28.9,35.1,NA,NA,NA,NA,21.2,NA,NA
Arkansas,2014,35.9,34.7,NA,NA,NA,NA,30.7,NA,NA
California,2014,24.7,35,NA,NA,NA,NA,21.7,NA,NA
Colorado,2014,21.3,36.1,NA,NA,NA,NA,16.4,NA,NA
Connecticut,2014,26.3,34.1,NA,NA,NA,NA,20.6,NA,NA
Delaware,2014,30.7,36.8,NA,NA,NA,NA,24.9,NA,NA
District of Columbia,2014,21.7,33.2,NA,NA,NA,NA,20.8,NA,NA
Florida,2014,26.2,36,NA,NA,NA,NA,23.7,NA,NA
Georgia,2014,30.5,35.2,NA,NA,NA,NA,23.6,NA,NA
Hawaii,2014,22.1,36,NA,NA,NA,NA,19.6,NA,NA
Idaho,2014,28.9,36.8,NA,NA,NA,NA,18.7,NA,NA
Illinois,2014,29.3,34.5,NA,NA,NA,NA,23.9,NA,NA
Indiana,2014,32.7,33.7,NA,NA,NA,NA,26.1,NA,NA
Iowa,2014,30.9,36,NA,NA,NA,NA,22.6,NA,NA
Kansas,2014,31.3,34.7,NA,NA,NA,NA,23.8,NA,NA
Kentucky,2014,31.6,35.1,NA,NA,NA,NA,28.2,NA,NA
Louisiana,2014,34.9,34.1,NA,NA,NA,NA,29.5,NA,NA
Maine,2014,28.2,36.3,NA,NA,NA,NA,19.7,NA,NA
Maryland,2014,29.6,35.3,NA,NA,NA,NA,21.4,NA,NA
Massachusetts,2014,23.3,35.6,NA,NA,NA,NA,20.1,NA,NA
Michigan,2014,30.7,34.9,NA,NA,NA,NA,25.5,NA,NA
Minnesota,2014,27.6,36.5,NA,NA,NA,NA,20.2,NA,NA
Mississippi,2014,35.5,35.2,NA,NA,NA,NA,31.6,NA,NA
Missouri,2014,30.2,35.4,NA,NA,NA,NA,25,NA,NA
Montana,2014,26.4,36.6,NA,NA,NA,NA,19.6,NA,NA
Nebraska,2014,30.2,36.5,NA,NA,NA,NA,21.3,NA,NA
Nevada,2014,27.7,35.8,NA,NA,NA,NA,22.5,NA,NA
New Hampshire,2014,27.4,36.2,NA,NA,NA,NA,19.3,NA,NA
New Jersey,2014,26.9,36.3,NA,NA,NA,NA,23.3,NA,NA
New Mexico,2014,28.4,36.4,NA,NA,NA,NA,23.3,NA,NA
New York,2014,27,34.1,NA,NA,NA,NA,25.9,NA,NA
North Carolina,2014,29.7,35.9,NA,NA,NA,NA,23.2,NA,NA
North Dakota,2014,32.2,36.6,NA,NA,NA,NA,21.3,NA,NA
Ohio,2014,32.6,34.1,NA,NA,NA,NA,25,NA,NA
Oklahoma,2014,33,35.2,NA,NA,NA,NA,28.3,NA,NA
Oregon,2014,27.9,33.8,NA,NA,NA,NA,16.5,NA,NA
Pennsylvania,2014,30.2,33.9,NA,NA,NA,NA,23.3,NA,NA
Rhode Island,2014,27,35.5,NA,NA,NA,NA,22.5,NA,NA
South Carolina,2014,32.1,35,NA,NA,NA,NA,25.3,NA,NA
South Dakota,2014,29.8,35.4,NA,NA,NA,NA,21.2,NA,NA
Tennessee,2014,31.2,35.9,NA,NA,NA,NA,26.8,NA,NA
Texas,2014,31.9,35.9,NA,NA,NA,NA,27.6,NA,NA
Utah,2014,25.7,33.8,NA,NA,NA,NA,16.8,NA,NA
Vermont,2014,24.8,35.4,NA,NA,NA,NA,19,NA,NA
Virginia,2014,28.5,36.3,NA,NA,NA,NA,23.5,NA,NA
Washington,2014,27.3,36.1,NA,NA,NA,NA,18.1,NA,NA
West Virginia,2014,35.7,34,NA,NA,NA,NA,28.7,NA,NA
Wisconsin,2014,31.2,36.2,NA,NA,NA,NA,21.2,NA,NA
Wyoming,2014,29.5,35.2,NA,NA,NA,NA,22.1,NA,NA
National,2014,28.9,35.2,NA,NA,NA,NA,23.7,NA,NA
Guam,2014,28,35.4,NA,NA,NA,NA,27.7,NA,NA
Puerto Rico,2014,28.3,37.6,NA,NA,NA,NA,40.6,NA,NA
Alabama,2015,35.6,33,44.6,16.7,26.1,25.7,31.9,NA,NA
Alaska,2015,29.8,37.4,58.3,24.3,37,34.1,22,NA,NA
Arizona,2015,28.4,36.9,53.8,21.8,33.4,30.7,24.7,NA,NA
Arkansas,2015,34.5,35,45.1,15.6,28.3,24.4,34.2,NA,NA
California,2015,24.2,36.2,57.3,22.9,35.3,33,20,NA,NA
Colorado,2015,20.2,36.4,60.6,26.2,39,35.4,17.9,NA,NA
Connecticut,2015,25.3,36.4,54.5,21.3,33.7,31.2,23.5,NA,NA
Delaware,2015,29.7,37.2,48.5,20.3,30.2,30.5,29.4,NA,NA
District of Columbia,2015,22.1,32.2,57.9,23.7,34.8,33.6,19.4,NA,NA
Florida,2015,26.8,37.3,51.6,21.7,32.8,31.9,26.2,NA,NA
Georgia,2015,30.7,34.8,48,18.7,30.7,29.6,27.3,NA,NA
Hawaii,2015,22.7,34.3,56.6,23.6,37,33.3,22.5,NA,NA
Idaho,2015,28.6,36.6,55.3,21.3,34.6,29.9,21.2,NA,NA
Illinois,2015,30.8,35.4,49.8,21.3,29.8,31.5,24.8,NA,NA
Indiana,2015,31.3,35.2,44.1,15.6,26.2,27,29.4,NA,NA
Iowa,2015,32.1,34.5,48.8,19.4,27.7,29.8,26.3,NA,NA
Kansas,2015,34.2,33.8,50,19.3,30.2,29,26.5,NA,NA
Kentucky,2015,34.6,32.6,45.2,18,28.6,28.4,32.5,NA,NA
Louisiana,2015,36.2,33,46.2,18.7,28.2,27.2,31.9,NA,NA
Maine,2015,30,36.5,53.9,18.9,35.6,27.9,24.8,NA,NA
Maryland,2015,28.9,36.1,52.9,22.9,31.1,32.7,24.1,NA,NA
Massachusetts,2015,24.3,35.4,51.8,21.3,31.2,31.5,26.5,NA,NA
Michigan,2015,31.2,35.1,52.1,19.5,33.4,29.3,25.5,NA,NA
Minnesota,2015,26.1,36.7,54.9,21.8,33.7,31.9,21.8,NA,NA
Mississippi,2015,35.6,34.5,38,15.3,21.9,26.5,36.8,NA,NA
Missouri,2015,32.4,33.9,50.5,19.1,32,28.8,27,NA,NA
Montana,2015,23.6,37.4,58.2,24.5,40.1,32.9,22.5,NA,NA
Nebraska,2015,31.4,35.6,51.3,21.8,29.4,31.2,25.3,NA,NA
Nevada,2015,26.7,38,54.5,24.9,36.6,34.3,24.7,NA,NA
New Hampshire,2015,26.3,37.3,57.6,23.1,37.3,31.6,22.6,NA,NA
New Jersey,2015,25.6,37.8,48.9,20.8,29.3,31.5,27.2,NA,NA
New Mexico,2015,28.8,35.7,56,23.5,36.4,33.7,22.6,NA,NA
New York,2015,25,34.5,47.1,20,28.5,30.2,29.3,NA,NA
North Carolina,2015,30.1,35.8,48.1,18.9,27.8,29.3,26.2,NA,NA
North Dakota,2015,31,36,47,17.7,27.2,27.6,26.8,NA,NA
Ohio,2015,29.8,36.7,50.2,19.7,32.2,29.5,27,NA,NA
Oklahoma,2015,33.9,35.1,46.6,16.9,28.2,26.2,33.2,NA,NA
Oregon,2015,30.1,34.5,60.4,22.6,39.8,30.4,18.8,NA,NA
Pennsylvania,2015,30,36.2,49.8,19.6,31.1,29.6,27.8,NA,NA
Rhode Island,2015,26,36.7,50.4,20,29.7,28.7,28.1,NA,NA
South Carolina,2015,31.7,34.5,50.5,19.7,31.4,29.4,26.7,NA,NA
South Dakota,2015,30.4,34.1,53.6,19.2,32.5,28.8,21.5,NA,NA
Tennessee,2015,33.8,34.9,45.4,17.8,27.6,27.6,30.4,NA,NA
Texas,2015,32.4,36.3,44.3,18.8,24.9,29.3,29.5,NA,NA
Utah,2015,24.5,35.2,55.3,24.8,33.9,34.8,20.3,NA,NA
Vermont,2015,25.1,34.7,58.9,22.7,39.1,30.5,22.2,NA,NA
Virginia,2015,29.2,34.9,51,22.1,30.6,32.3,25.1,NA,NA
Washington,2015,26.4,36.1,58.4,22.7,37.9,31.8,19,NA,NA
West Virginia,2015,35.6,35.5,48,13.8,32.8,20.9,30.8,NA,NA
Wisconsin,2015,30.7,35.3,56.8,20.1,36.4,28.6,21.6,NA,NA
Wyoming,2015,29,36.4,54.4,23.4,36.2,32.1,26.2,NA,NA
National,2015,28.9,35.7,50.9,20.5,31.3,30.4,25.9,NA,NA
Guam,2015,31.6,35.5,48.9,21.5,31.9,32,31.1,NA,NA
Puerto Rico,2015,29.5,37.5,34.1,8.1,17.2,10.9,48.1,NA,NA
Alabama,2016,35.7,33.9,NA,NA,NA,NA,29.4,NA,NA
Alaska,2016,31.4,35.3,NA,NA,NA,NA,19.1,NA,NA
Arizona,2016,29,34.2,NA,NA,NA,NA,23.1,NA,NA
Arkansas,2016,35.7,32.5,NA,NA,NA,NA,32.5,NA,NA
California,2016,25,36,NA,NA,NA,NA,20.5,NA,NA
Colorado,2016,22.3,35.8,NA,NA,NA,NA,15.8,NA,NA
Connecticut,2016,26,35.9,NA,NA,NA,NA,21.3,NA,NA
Delaware,2016,30.7,37.3,NA,NA,NA,NA,26.6,NA,NA
District of Columbia,2016,22.6,30.8,NA,NA,NA,NA,16.2,NA,NA
Florida,2016,27.4,35.8,NA,NA,NA,NA,29.8,NA,NA
Georgia,2016,31.4,34.4,NA,NA,NA,NA,29.4,NA,NA
Hawaii,2016,23.8,33.8,NA,NA,NA,NA,20.8,NA,NA
Idaho,2016,27.4,37.1,NA,NA,NA,NA,20.2,NA,NA
Illinois,2016,31.6,33.4,NA,NA,NA,NA,23.9,NA,NA
Indiana,2016,32.5,34.7,NA,NA,NA,NA,26.8,NA,NA
Iowa,2016,32,36.7,NA,NA,NA,NA,22.7,NA,NA
Kansas,2016,31.2,35.6,NA,NA,NA,NA,23.5,NA,NA
Kentucky,2016,34.2,34.9,NA,NA,NA,NA,29.8,NA,NA
Louisiana,2016,35.5,33.7,NA,NA,NA,NA,29.1,NA,NA
Maine,2016,29.9,35.3,NA,NA,NA,NA,20.6,NA,NA
Maryland,2016,29.9,34.7,NA,NA,NA,NA,23.1,NA,NA
Massachusetts,2016,23.6,36.7,NA,NA,NA,NA,20,NA,NA
Michigan,2016,32.5,35,NA,NA,NA,NA,23.9,NA,NA
Minnesota,2016,27.8,37,NA,NA,NA,NA,18,NA,NA
Mississippi,2016,37.3,34,NA,NA,NA,NA,30.3,NA,NA
Missouri,2016,31.7,35.6,NA,NA,NA,NA,24.9,NA,NA
Montana,2016,25.5,37.3,NA,NA,NA,NA,19.9,NA,NA
Nebraska,2016,32,36.6,NA,NA,NA,NA,22.4,NA,NA
Nevada,2016,25.8,36.5,NA,NA,NA,NA,24.7,NA,NA
New Hampshire,2016,26.6,36.9,NA,NA,NA,NA,19.3,NA,NA
New Jersey,2016,27.4,36.5,NA,NA,NA,NA,29.8,NA,NA
New Mexico,2016,28.3,36.6,NA,NA,NA,NA,20.3,NA,NA
New York,2016,25.5,35.3,NA,NA,NA,NA,26.3,NA,NA
North Carolina,2016,31.8,35,NA,NA,NA,NA,23.3,NA,NA
North Dakota,2016,31.9,36.2,NA,NA,NA,NA,22.2,NA,NA
Ohio,2016,31.5,34.8,NA,NA,NA,NA,25.9,NA,NA
Oklahoma,2016,32.8,36,NA,NA,NA,NA,28.5,NA,NA
Oregon,2016,28.7,33.9,NA,NA,NA,NA,17.2,NA,NA
Pennsylvania,2016,30.3,35.2,NA,NA,NA,NA,22.9,NA,NA
Rhode Island,2016,26.6,37.1,NA,NA,NA,NA,24.4,NA,NA
South Carolina,2016,32.3,35.1,NA,NA,NA,NA,26.9,NA,NA
South Dakota,2016,29.6,37.3,NA,NA,NA,NA,18.9,NA,NA
Tennessee,2016,34.8,33.8,NA,NA,NA,NA,28.4,NA,NA
Texas,2016,33.7,34.8,NA,NA,NA,NA,25.2,NA,NA
Utah,2016,25.4,35,NA,NA,NA,NA,15.7,NA,NA
Vermont,2016,27.1,34.7,NA,NA,NA,NA,19.5,NA,NA
Virginia,2016,29,36.5,NA,NA,NA,NA,23.3,NA,NA
Washington,2016,28.6,34.9,NA,NA,NA,NA,17.6,NA,NA
West Virginia,2016,37.7,33.3,NA,NA,NA,NA,28.5,NA,NA
Wisconsin,2016,30.7,35.5,NA,NA,NA,NA,20,NA,NA
Wyoming,2016,27.7,36.5,NA,NA,NA,NA,23.1,NA,NA
National,2016,29.6,35.2,NA,NA,NA,NA,24.2,NA,NA
Guam,2016,28.3,36.2,NA,NA,NA,NA,29.6,NA,NA
Puerto Rico,2016,30.7,35.8,NA,NA,NA,NA,41.7,NA,NA
Virgin Islands,2016,32.5,32.7,NA,NA,NA,NA,26.1,NA,NA
Alabama,2017,36.3,33.9,42.8,16.1,26.3,26,32,44.9,19.3
Alaska,2017,34.2,32.6,58.3,24.2,37.6,34.7,20.6,36.9,19
Arizona,2017,29.5,35.3,52.7,22.1,33,31.5,25.1,37.2,20.8
Arkansas,2017,35,35.4,45.4,16.5,28.2,25.6,32.5,44.7,19.3
California,2017,25.1,35.8,57.5,23.9,35.4,34.3,20,32.5,21.4
Colorado,2017,22.6,36.1,58.7,26,37.8,35.5,19.5,33,17.4
Connecticut,2017,26.9,36.4,51.9,22.8,32.2,33.6,24,31.5,16.9
Delaware,2017,31.8,36.7,46.3,19,28.5,28.6,31,35.4,17.2
District of Columbia,2017,23,31,48.8,21.1,28.6,30.3,23,30.6,13.7
Florida,2017,28.4,35.6,49.5,20.5,32.1,30,29.2,34.4,19.4
Georgia,2017,31.6,33.7,46.1,20.3,27,31.4,31,38.6,18.1
Hawaii,2017,23.8,35,56.5,24.6,36.4,35.4,23.5,37,21
Idaho,2017,29.3,36.6,54.8,23.3,35.7,32.5,24.2,35.4,15.9
Illinois,2017,31.1,34.7,52.5,21.6,30.3,30.7,24,33.3,21.3
Indiana,2017,33.6,34.4,46.4,17.1,28.2,27.2,29.8,40.7,19.2
Iowa,2017,36.4,33.7,50.2,19.2,30.3,28.9,25,35.6,19.3
Kansas,2017,32.4,34.9,49.3,19,30.6,28.5,27.9,37.6,17.3
Kentucky,2017,34.3,33.5,44.7,16.8,28.4,26.4,34.4,42.7,17
Louisiana,2017,36.2,33.8,45,17.8,28.4,28,31.8,45,23.9
Maine,2017,29.1,35.9,52.8,20.1,33.8,29.5,25.2,31.4,12.4
Maryland,2017,31.3,34.9,50.6,21.6,29,31.9,25.6,34.3,18.3
Massachusetts,2017,25.9,35.6,50.9,21.6,31.1,31.2,24.8,31.2,16.7
Michigan,2017,32.3,34.9,49.5,19.1,31.1,29.9,27.2,36.4,18.5
Minnesota,2017,28.4,36.5,51.1,20.8,31.2,31.4,24.6,32.3,18
Mississippi,2017,37.3,32.6,44.7,16.6,26.8,25.9,33.2,46.3,21.4
Missouri,2017,32.5,35.4,47.4,18.9,28.7,28.5,29.2,39.9,16.9
Montana,2017,25.3,37,54.6,21.1,36.8,30.2,25,36.4,15.1
Nebraska,2017,32.8,36.2,49.4,19.1,28.9,29.8,25.4,36.9,20
Nevada,2017,26.7,39,47,19.5,29.3,31.3,28,37.6,22.1
New Hampshire,2017,28.1,36.8,54.4,21.4,34.5,30.4,23.9,30.3,13.7
New Jersey,2017,27.3,35.3,48.9,21.9,29,32.8,29,33.7,19.1
New Mexico,2017,28.4,36.8,54,23.2,34.5,32.8,24.5,37.4,20.5
New York,2017,25.7,35.6,49.3,19.8,29.1,29.9,27.2,33.5,20.3
North Carolina,2017,32.1,34.8,49.2,18.8,29.1,29.4,25.6,37.4,15.6
North Dakota,2017,33.2,36.2,45.7,17.1,26.2,30.2,27.6,36.8,19.8
Ohio,2017,33.8,34.2,47.8,18.3,30.2,29.2,29.6,37.7,18.7
Oklahoma,2017,36.5,34.1,42.5,15.9,24.8,25.5,32.4,45.8,17.1
Oregon,2017,29.4,35.1,56.9,22.3,37.2,31.1,21.4,33,16.4
Pennsylvania,2017,31.6,35.5,53,20.9,33.5,30.4,24.9,34.1,16.4
Rhode Island,2017,30,34.9,50.6,18.9,30.8,28.8,26.3,33.7,17.9
South Carolina,2017,34.1,34,48.6,18.8,30.9,27.4,28.4,40.6,18
South Dakota,2017,31.9,35.9,50.8,18.6,30.2,28.3,24.9,36.9,16.9
Tennessee,2017,32.8,35.4,47,16.9,29.7,26.6,30.6,38.9,15.8
Texas,2017,33,36.4,41.9,17,24.7,29.2,32.1,39.4,21.9
Utah,2017,25.3,35.3,54,23,33.1,33.3,21.1,32.1,17.3
Vermont,2017,27.6,35.1,59.7,22.6,40.1,31.4,21.6,29.7,12.9
Virginia,2017,30.1,36.3,50.9,21.8,30.9,32.5,25.9,36.6,15.8
Washington,2017,27.7,34.5,57.9,23.5,37.2,32.6,19.2,32.1,16.8
West Virginia,2017,38.1,33.6,48.1,15.1,31.5,22.6,31.6,44.9,18.3
Wisconsin,2017,32,35.3,57.1,21.2,36,30.6,22.4,32.4,19
Wyoming,2017,28.8,35.9,53.9,23,34.8,32.9,25.7,37.7,15.3
National,2017,30.1,35.3,50.3,20.3,30.9,30.5,26.6,36,19
Guam,2017,34.3,32.7,44.6,21.8,28.9,32.5,33.4,44.1,26.7
Puerto Rico,2017,32.9,35.4,19.6,5.4,9.8,9.8,54,56,46
Alabama,2018,36.2,33.4,NA,NA,NA,NA,30.7,NA,NA
Alaska,2018,29.5,34.7,NA,NA,NA,NA,19.6,NA,NA
Arizona,2018,29.5,35.2,NA,NA,NA,NA,22.1,NA,NA
Arkansas,2018,37.1,33.3,NA,NA,NA,NA,31,NA,NA
California,2018,25.8,36.4,NA,NA,NA,NA,21,NA,NA
Colorado,2018,23,35.9,NA,NA,NA,NA,16.4,NA,NA
Connecticut,2018,27.4,37,NA,NA,NA,NA,22.4,NA,NA
Delaware,2018,33.5,34.3,NA,NA,NA,NA,26.8,NA,NA
District of Columbia,2018,24.7,31.1,NA,NA,NA,NA,19.6,NA,NA
Florida,2018,30.7,35.3,NA,NA,NA,NA,26.8,NA,NA
Georgia,2018,32.5,34.8,NA,NA,NA,NA,26.2,NA,NA
Hawaii,2018,24.9,34.6,NA,NA,NA,NA,19.9,NA,NA
Idaho,2018,28.4,35.7,NA,NA,NA,NA,20.5,NA,NA
Illinois,2018,31.8,34.9,NA,NA,NA,NA,24.6,NA,NA
Indiana,2018,34.1,32.3,NA,NA,NA,NA,27.4,NA,NA
Iowa,2018,35.3,34.1,NA,NA,NA,NA,22.9,NA,NA
Kansas,2018,34.4,34.3,NA,NA,NA,NA,22.5,NA,NA
Kentucky,2018,36.6,31.9,NA,NA,NA,NA,32.4,NA,NA
Louisiana,2018,36.8,32.7,NA,NA,NA,NA,30.8,NA,NA
Maine,2018,30.4,35.3,NA,NA,NA,NA,22.5,NA,NA
Maryland,2018,30.9,35.6,NA,NA,NA,NA,22.9,NA,NA
Massachusetts,2018,25.7,36,NA,NA,NA,NA,22.4,NA,NA
Michigan,2018,33,34.5,NA,NA,NA,NA,23.8,NA,NA
Minnesota,2018,30.1,35.7,NA,NA,NA,NA,20.5,NA,NA
Mississippi,2018,39.5,33.8,NA,NA,NA,NA,32,NA,NA
Missouri,2018,35,31.9,NA,NA,NA,NA,26.1,NA,NA
Montana,2018,26.9,36.4,NA,NA,NA,NA,22.7,NA,NA
Nebraska,2018,34.1,34.8,NA,NA,NA,NA,23.8,NA,NA
Nevada,2018,29.5,38.2,NA,NA,NA,NA,25,NA,NA
New Hampshire,2018,29.6,35.4,NA,NA,NA,NA,21.5,NA,NA
New Jersey,2018,25.7,36.7,NA,NA,NA,NA,28.5,NA,NA
New Mexico,2018,32.3,34.9,NA,NA,NA,NA,22.2,NA,NA
New York,2018,27.6,35.1,NA,NA,NA,NA,23.8,NA,NA
North Carolina,2018,33,35.1,NA,NA,NA,NA,23.9,NA,NA
North Dakota,2018,35.1,35.9,NA,NA,NA,NA,22.3,NA,NA
Ohio,2018,34,34.4,NA,NA,NA,NA,25.4,NA,NA
Oklahoma,2018,34.8,34.8,NA,NA,NA,NA,27.2,NA,NA
Oregon,2018,29.9,34.2,NA,NA,NA,NA,19.3,NA,NA
Pennsylvania,2018,30.9,35,NA,NA,NA,NA,24,NA,NA
Rhode Island,2018,27.7,36.9,NA,NA,NA,NA,25.3,NA,NA
South Carolina,2018,34.3,35.4,NA,NA,NA,NA,26.7,NA,NA
South Dakota,2018,30.1,37.8,NA,NA,NA,NA,24,NA,NA
Tennessee,2018,34.4,33.5,NA,NA,NA,NA,30.9,NA,NA
Texas,2018,34.8,34.8,NA,NA,NA,NA,25.6,NA,NA
Utah,2018,27.8,34.3,NA,NA,NA,NA,17.5,NA,NA
Vermont,2018,27.5,33.6,NA,NA,NA,NA,18.9,NA,NA
Virginia,2018,30.4,35.9,NA,NA,NA,NA,22,NA,NA
Washington,2018,28.7,34.7,NA,NA,NA,NA,17.6,NA,NA
West Virginia,2018,39.5,32.5,NA,NA,NA,NA,28.2,NA,NA
Wisconsin,2018,32,36.1,NA,NA,NA,NA,21.8,NA,NA
Wyoming,2018,29,35.3,NA,NA,NA,NA,21.7,NA,NA
National,2018,30.9,35,NA,NA,NA,NA,24.2,NA,NA
Guam,2018,29.8,32.4,NA,NA,NA,NA,30,NA,NA
Puerto Rico,2018,32.9,36.9,NA,NA,NA,NA,47.3,NA,NA
Alabama,2019,36.1,34.2,45.9,17.6,27.7,29.2,31.5,46.1,22.3
Alaska,2019,30.5,36.1,57.3,25.6,38.8,37.6,21.7,42.8,19
Arizona,2019,31.4,34.4,54.7,25.5,35,37.7,24.1,38.5,21.9
Arkansas,2019,37.4,33.2,46.8,19.3,31.8,32.2,31.2,46.5,21.6
California,2019,26.2,36.7,55,22.6,33.6,33.7,22.4,36.2,23.9
Colorado,2019,23.8,35.3,59.3,27.4,37.6,39.3,18.7,37,19.5
Connecticut,2019,29.1,36.6,54.4,26.1,33.3,39.4,23.5,34.1,19.9
Delaware,2019,34.4,34.5,51.6,23.8,33,37,26.6,37,20.3
District of Columbia,2019,23.8,32.1,56.1,27.2,33.4,40.6,19,35.6,16.5
Florida,2019,27,37.6,55.1,27,37.5,38.1,26.5,38.3,21.3
Georgia,2019,33.1,33.9,49.1,24.1,30.8,38.2,27.9,43.1,19
Hawaii,2019,25,33.2,56,24.8,36.3,37.9,24.4,40.3,22
Idaho,2019,29.5,34.8,57.4,21.7,40.8,31.2,23.8,36.8,16.6
Illinois,2019,31.6,34.1,50.5,23.4,31.2,37.1,25.6,38.3,23.4
Indiana,2019,35.3,33.8,46.9,21.1,29.1,35.3,30.9,41.6,21.3
Iowa,2019,33.9,34.4,49.1,20,29.4,32.9,26.5,40.5,22.7
Kansas,2019,35.2,34.7,49.1,20.8,29.7,33.4,27.1,41.4,20
Kentucky,2019,36.5,35.4,36.3,15.3,23.8,27,32.8,45.8,19.7
Louisiana,2019,35.9,35,45.9,19.7,27.5,34.2,31.9,47.2,25.6
Maine,2019,31.7,33.8,52.1,20.2,34.4,30.6,30.1,35.2,12.5
Maryland,2019,32.3,34.4,52.2,24,31.2,36.6,23.4,37.3,21.3
Massachusetts,2019,25.2,34.5,53.5,22.2,32.5,33.2,26.4,32.7,15.5
Michigan,2019,36,34.4,51.7,23.3,32.5,35.3,25.4,40.1,20.7
Minnesota,2019,30.1,35.4,58.5,25.5,36.8,36.5,19.9,35.2,20.6
Mississippi,2019,40.8,31.9,39.5,15.7,23.4,29,37.7,47.5,22.9
Missouri,2019,34.8,33.3,45.1,17.1,26.7,27.8,30.6,42.2,19
Montana,2019,28.3,36.4,63.1,28.3,45.8,39.7,19.7,40.9,16.9
Nebraska,2019,34.1,34.9,48.7,20.9,29.4,34.8,26.9,39.5,20.8
Nevada,2019,30.6,37.2,50.7,20,30.7,34.3,25.8,43.4,25.2
New Hampshire,2019,31.8,35.9,57.6,26.4,39.8,37.2,21.7,35.7,16
New Mexico,2019,31.7,34.4,54.1,25.7,35.6,38.4,25.4,43.1,23.7
New York,2019,27.1,36.1,50.9,24.1,32.4,37.9,27.2,34.7,21.7
North Carolina,2019,34,35.6,50.5,21.6,29.7,31.9,26.3,38.1,17.1
North Dakota,2019,34.8,35.5,47.7,20.1,28.3,32,28,40.6,22.1
Ohio,2019,34.8,34.5,48.9,20.9,31.2,34.7,28.3,42.7,20.2
Oklahoma,2019,36.8,34.6,38.3,15.6,21.2,28.7,34,48.4,21.5
Oregon,2019,29,34.9,57.3,24.9,36.5,34.8,23.9,35.8,16.4
Pennsylvania,2019,33.2,35.2,51.1,21.8,31.2,33.7,25.6,38,19.8
Rhode Island,2019,30,34.4,50.5,24.1,31.8,36.1,26.5,36.1,20.6
South Carolina,2019,35.4,33.9,47.9,23,30.8,38.2,28.8,43.2,18.7
South Dakota,2019,33,37.9,46.6,21.8,28.7,34.6,30,39.2,17.4
Tennessee,2019,36.5,33,47.5,21.8,30,35.5,30.1,43,19
Texas,2019,34,35.8,49.3,24.3,28.6,37.8,27.2,41.3,23.2
Utah,2019,29.2,34.5,55.7,24.9,33.1,38.4,18.5,36.6,21.3
Vermont,2019,26.6,32.9,61.9,28.5,43.8,39.7,20,32,12.7
Virginia,2019,31.9,34.5,50,22.7,31,35.8,25.3,38.3,17.9
Washington,2019,28.3,35.6,59.3,25.9,38.8,36.5,19.2,36.2,19
West Virginia,2019,39.7,32.3,48,17.1,31.7,26.1,31.2,46.3,19.8
Wisconsin,2019,34.2,35.5,55.2,24.7,35.5,36.2,23.2,38.9,22.8
Wyoming,2019,29.7,35.5,55,24.5,36.1,38,24.6,42.2,18.6
National,2019,31.4,35.2,51.5,23,32.1,35.3,26,39.2,21
Guam,2019,33.6,34.1,45.9,20.9,29.4,36,29.2,49,27
Puerto Rico,2019,32.5,37.3,30.5,7.3,15.4,11.6,50.6,53.3,44.4
Alabama,2020,39,33.7,NA,NA,NA,NA,28.8,NA,NA
Alaska,2020,31.9,35,NA,NA,NA,NA,21.3,NA,NA
Arizona,2020,30.9,35.2,NA,NA,NA,NA,22.4,NA,NA
Arkansas,2020,36.4,30.9,NA,NA,NA,NA,29.7,NA,NA
California,2020,30.3,33.8,NA,NA,NA,NA,21.2,NA,NA
Colorado,2020,24.2,35,NA,NA,NA,NA,16.6,NA,NA
Connecticut,2020,29.2,35.2,NA,NA,NA,NA,20.6,NA,NA
Delaware,2020,36.5,32.1,NA,NA,NA,NA,24.7,NA,NA
District of Columbia,2020,24.3,33,NA,NA,NA,NA,18.1,NA,NA
Florida,2020,28.4,35.7,NA,NA,NA,NA,26.8,NA,NA
Georgia,2020,34.3,33,NA,NA,NA,NA,24.8,NA,NA
Hawaii,2020,24.5,33.6,NA,NA,NA,NA,19.2,NA,NA
Idaho,2020,31.1,35.2,NA,NA,NA,NA,20.5,NA,NA
Illinois,2020,32.4,35.6,NA,NA,NA,NA,25.3,NA,NA
Indiana,2020,36.8,32.4,NA,NA,NA,NA,26.3,NA,NA
Iowa,2020,36.5,35.3,NA,NA,NA,NA,23.6,NA,NA
Kansas,2020,35.3,34.5,NA,NA,NA,NA,22,NA,NA
Kentucky,2020,36.6,33.5,NA,NA,NA,NA,30.6,NA,NA
Louisiana,2020,38.1,32.4,NA,NA,NA,NA,29,NA,NA
Maine,2020,31,34.6,NA,NA,NA,NA,21.5,NA,NA
Maryland,2020,31,35.5,NA,NA,NA,NA,21,NA,NA
Massachusetts,2020,24.4,36.1,NA,NA,NA,NA,19.9,NA,NA
Michigan,2020,35.2,34.6,NA,NA,NA,NA,20.8,NA,NA
Minnesota,2020,30.7,36.5,NA,NA,NA,NA,19.1,NA,NA
Mississippi,2020,39.7,33.1,NA,NA,NA,NA,30,NA,NA
Missouri,2020,34,35.4,NA,NA,NA,NA,25.7,NA,NA
Montana,2020,28.5,36,NA,NA,NA,NA,18.9,NA,NA
Nebraska,2020,34,35.8,NA,NA,NA,NA,21.5,NA,NA
Nevada,2020,28.7,35.6,NA,NA,NA,NA,25.4,NA,NA
New Hampshire,2020,29.9,35.8,NA,NA,NA,NA,19.3,NA,NA
New Jersey,2020,27.7,36.9,NA,NA,NA,NA,21,NA,NA
New Mexico,2020,30.9,36.9,NA,NA,NA,NA,23,NA,NA
New York,2020,26.3,37,NA,NA,NA,NA,25.6,NA,NA
North Carolina,2020,33.6,35.7,NA,NA,NA,NA,22.7,NA,NA
North Dakota,2020,33.1,37.6,NA,NA,NA,NA,24.6,NA,NA
Ohio,2020,35.5,33.5,NA,NA,NA,NA,24.5,NA,NA
Oklahoma,2020,36.4,32.9,NA,NA,NA,NA,28.6,NA,NA
Oregon,2020,28.1,36.2,NA,NA,NA,NA,18.5,NA,NA
Pennsylvania,2020,31.5,35.7,NA,NA,NA,NA,24.5,NA,NA
Rhode Island,2020,30.1,34.5,NA,NA,NA,NA,23.5,NA,NA
South Carolina,2020,36.2,33.3,NA,NA,NA,NA,26.6,NA,NA
South Dakota,2020,33.2,36.4,NA,NA,NA,NA,22.4,NA,NA
Tennessee,2020,35.6,34.4,NA,NA,NA,NA,24.5,NA,NA
Texas,2020,35.8,34.5,NA,NA,NA,NA,25.6,NA,NA
Utah,2020,28.6,33.8,NA,NA,NA,NA,15.9,NA,NA
Vermont,2020,26.3,35.7,NA,NA,NA,NA,18.2,NA,NA
Virginia,2020,32.2,35.1,NA,NA,NA,NA,20.9,NA,NA
Washington,2020,28,36,NA,NA,NA,NA,17.8,NA,NA
West Virginia,2020,39.1,32,NA,NA,NA,NA,29.7,NA,NA
Wisconsin,2020,32.3,36.1,NA,NA,NA,NA,20.5,NA,NA
Wyoming,2020,30.7,36.6,NA,NA,NA,NA,22.4,NA,NA
National,2020,31.9,34.8,NA,NA,NA,NA,23.5,NA,NA
Guam,2020,34.4,32.6,NA,NA,NA,NA,25.8,NA,NA
Puerto Rico,2020,31.4,36.1,NA,NA,NA,NA,45.8,NA,NA
Alabama,2021,39.9,31.9,NA,NA,NA,NA,31.5,45.9,20.6
Alaska,2021,33.5,34.1,NA,NA,NA,NA,20.3,42.4,18.7
Arizona,2021,31.3,36.6,NA,NA,NA,NA,22.7,41.6,21.7
Arkansas,2021,38.7,31.7,NA,NA,NA,NA,30.6,46.4,21.1
California,2021,27.6,36.4,NA,NA,NA,NA,20.1,36.2,22.5
Colorado,2021,25.1,35.5,NA,NA,NA,NA,16.7,38.3,18.8
Connecticut,2021,30.4,35.3,NA,NA,NA,NA,22.9,36,20.5
Delaware,2021,33.9,34.9,NA,NA,NA,NA,27.2,39.7,20.5
District of Columbia,2021,24.7,30.7,NA,NA,NA,NA,15.8,33.2,17
Georgia,2021,33.9,34.1,NA,NA,NA,NA,23.7,41.5,19.7
Hawaii,2021,25,35.3,NA,NA,NA,NA,20,42.6,21.9
Idaho,2021,31.6,35.9,NA,NA,NA,NA,20.5,41.8,16.2
Illinois,2021,34.2,34.5,NA,NA,NA,NA,27.2,39.2,16.6
Indiana,2021,36.3,33.3,NA,NA,NA,NA,25.9,43.4,21.3
Iowa,2021,36.4,34.3,NA,NA,NA,NA,24.7,41.5,23
Kansas,2021,36,34.4,NA,NA,NA,NA,23.6,43.7,19.7
Kentucky,2021,40.3,31.9,NA,NA,NA,NA,30.5,45,19.8
Louisiana,2021,38.6,32.4,NA,NA,NA,NA,29.4,48.6,25.7
Maine,2021,31.9,34,NA,NA,NA,NA,26.5,35,13.1
Maryland,2021,34.3,33.9,NA,NA,NA,NA,21.7,37.1,19.2
Massachusetts,2021,27.4,33.9,NA,NA,NA,NA,21.1,36.7,17.2
Michigan,2021,34.4,34.2,NA,NA,NA,NA,23.1,39.9,19.4
Minnesota,2021,32.4,34.8,NA,NA,NA,NA,20.2,36.4,20.6
Mississippi,2021,39.1,33.6,NA,NA,NA,NA,30.9,46.9,23.2
Missouri,2021,37.3,32,NA,NA,NA,NA,25.3,43.4,19.5
Montana,2021,31.8,35,NA,NA,NA,NA,21.2,40,16.9
Nebraska,2021,35.9,35,NA,NA,NA,NA,24.2,42.7,20.8
Nevada,2021,31.3,36.1,NA,NA,NA,NA,24.2,42.1,24.2
New Hampshire,2021,30.6,35.4,NA,NA,NA,NA,20,36.1,15.6
New Jersey,2021,28.2,37.4,NA,NA,NA,NA,24.1,35.7,21.9
New Mexico,2021,34.6,35.4,NA,NA,NA,NA,23,41.2,22.3
New York,2021,29.1,34.5,NA,NA,NA,NA,25.8,36.5,21.5
North Carolina,2021,36,32.6,NA,NA,NA,NA,22.3,40.4,18.1
North Dakota,2021,35.2,34.8,NA,NA,NA,NA,25.5,44,22.8
Ohio,2021,37.8,33.3,NA,NA,NA,NA,25.9,43,19.7
Oklahoma,2021,39.4,32.5,NA,NA,NA,NA,28.3,48.7,20.7
Oregon,2021,30.4,34.7,NA,NA,NA,NA,19.9,37.7,16.4
Pennsylvania,2021,33.3,33,NA,NA,NA,NA,24.3,39.4,19.4
Rhode Island,2021,30.1,36.2,NA,NA,NA,NA,24.2,35.5,19.7
South Carolina,2021,36.1,34.5,NA,NA,NA,NA,25,42.5,20.7
South Dakota,2021,38.4,33.7,NA,NA,NA,NA,23.2,43.4,19.2
Tennessee,2021,35,36.6,NA,NA,NA,NA,28.7,46.1,19.8
Texas,2021,36.1,33.7,NA,NA,NA,NA,25.1,40.9,24.5
Utah,2021,30.9,33.3,NA,NA,NA,NA,17.3,37.7,20
Vermont,2021,29,32.1,NA,NA,NA,NA,17.8,34.4,14.1
Virginia,2021,34.2,33.9,NA,NA,NA,NA,20.9,39.6,18.1
Washington,2021,28.8,35.4,NA,NA,NA,NA,17.8,36.1,19.1
West Virginia,2021,40.6,33,NA,NA,NA,NA,30.5,46,18.9
Wisconsin,2021,33.9,34.6,NA,NA,NA,NA,20.3,38.8,20.1
Wyoming,2021,32,37,NA,NA,NA,NA,22.9,43.3,19.2
National,2021,33,34.4,NA,NA,NA,NA,23.7,39.9,20.6
Guam,2021,33.5,31.4,NA,NA,NA,NA,29.9,42.7,29.4
Puerto Rico,2021,36,36.4,NA,NA,NA,NA,46.1,51.1,46.6
Virgin Islands,2021,35.6,31.1,NA,NA,NA,NA,21.9,39.7,32.2
Alabama,2022,38.3,33.7,NA,NA,NA,NA,29.1,NA,NA
Alaska,2022,32.1,36.4,NA,NA,NA,NA,21.5,NA,NA
Arizona,2022,33.2,33.5,NA,NA,NA,NA,23.4,NA,NA
Arkansas,2022,37.4,33.6,NA,NA,NA,NA,31.1,NA,NA
California,2022,28.1,34.7,NA,NA,NA,NA,21.9,NA,NA
Colorado,2022,25,35.6,NA,NA,NA,NA,16.8,NA,NA
Connecticut,2022,30.6,35.6,NA,NA,NA,NA,23.1,NA,NA
Delaware,2022,37.9,33.9,NA,NA,NA,NA,23.5,NA,NA
District of Columbia,2022,24.3,30.9,NA,NA,NA,NA,15.1,NA,NA
Florida,2022,31.6,34.5,NA,NA,NA,NA,24.5,NA,NA
Georgia,2022,37,31.9,NA,NA,NA,NA,23.8,NA,NA
Hawaii,2022,25.9,33.8,NA,NA,NA,NA,21.3,NA,NA
Idaho,2022,33.2,35.4,NA,NA,NA,NA,21.5,NA,NA
Illinois,2022,33.4,33.9,NA,NA,NA,NA,22.8,NA,NA
Indiana,2022,37.7,33.3,NA,NA,NA,NA,27.5,NA,NA
Iowa,2022,37.4,33.8,NA,NA,NA,NA,25.9,NA,NA
Kansas,2022,35.7,33.4,NA,NA,NA,NA,23.3,NA,NA
Kentucky,2022,37.7,34.1,NA,NA,NA,NA,26.4,NA,NA
Louisiana,2022,40.1,31.7,NA,NA,NA,NA,28.3,NA,NA
Maine,2022,33.1,33,NA,NA,NA,NA,22.6,NA,NA
Maryland,2022,33.2,34.4,NA,NA,NA,NA,21.2,NA,NA
Massachusetts,2022,27.2,34.7,NA,NA,NA,NA,21.3,NA,NA
Michigan,2022,34.5,32.8,NA,NA,NA,NA,23.9,NA,NA
Minnesota,2022,33.6,34.9,NA,NA,NA,NA,20.5,NA,NA
Mississippi,2022,39.5,32.7,NA,NA,NA,NA,31.9,NA,NA
Missouri,2022,36.4,33.9,NA,NA,NA,NA,25.3,NA,NA
Montana,2022,30.5,35.4,NA,NA,NA,NA,19.6,NA,NA
Nebraska,2022,35.3,35.1,NA,NA,NA,NA,24.7,NA,NA
Nevada,2022,33.5,33.8,NA,NA,NA,NA,26.1,NA,NA
New Hampshire,2022,30.2,36.7,NA,NA,NA,NA,20,NA,NA
New Jersey,2022,29.1,36.7,NA,NA,NA,NA,23.3,NA,NA
New Mexico,2022,32.4,36.9,NA,NA,NA,NA,24.2,NA,NA
New York,2022,30.1,33.9,NA,NA,NA,NA,25.6,NA,NA
North Carolina,2022,34.1,35.2,NA,NA,NA,NA,23.1,NA,NA
North Dakota,2022,35.4,35.6,NA,NA,NA,NA,24,NA,NA
Ohio,2022,38.1,32.8,NA,NA,NA,NA,25.1,NA,NA
Oklahoma,2022,40,32.3,NA,NA,NA,NA,29.5,NA,NA
Oregon,2022,30.9,36,NA,NA,NA,NA,19,NA,NA
Pennsylvania,2022,33.4,34.3,NA,NA,NA,NA,22.5,NA,NA
Rhode Island,2022,30.8,36.5,NA,NA,NA,NA,24.2,NA,NA
South Carolina,2022,35,34.8,NA,NA,NA,NA,26,NA,NA
South Dakota,2022,36.8,35.4,NA,NA,NA,NA,23.4,NA,NA
Tennessee,2022,38.9,32,NA,NA,NA,NA,27.7,NA,NA
Texas,2022,35.5,34.7,NA,NA,NA,NA,25.5,NA,NA
Utah,2022,31.1,34.2,NA,NA,NA,NA,16.9,NA,NA
Vermont,2022,26.8,34.1,NA,NA,NA,NA,19.8,NA,NA
Virginia,2022,35.2,32.1,NA,NA,NA,NA,20.9,NA,NA
Washington,2022,31.7,34.6,NA,NA,NA,NA,17.5,NA,NA
West Virginia,2022,41,33.4,NA,NA,NA,NA,30.2,NA,NA
Wisconsin,2022,37.7,33,NA,NA,NA,NA,21.9,NA,NA
Wyoming,2022,34.3,35.6,NA,NA,NA,NA,22.6,NA,NA
National,2022,33.3,34.1,NA,NA,NA,NA,23.7,NA,NA
Guam,2022,32.7,34.5,NA,NA,NA,NA,28,NA,NA
Puerto Rico,2022,34.1,36.6,NA,NA,NA,NA,43.6,NA,NA
Virgin Islands,2022,32.1,37,NA,NA,NA,NA,24.6,NA,NA
Alabama,2023,39.2,32.7,56.3,25,39.3,34.4,29.1,NA,NA
Alaska,2023,35.2,33.3,65,33.9,46.8,44.1,20.9,NA,NA
Arizona,2023,31.9,34.5,63.1,33.3,44.8,44.9,21.3,NA,NA
Arkansas,2023,40,31.8,52.8,26.8,37.9,39.5,32.5,NA,NA
California,2023,27.7,36.4,62.2,30.1,43.9,39.7,22.9,NA,NA
Colorado,2023,24.9,35,67,35.4,47.6,44.8,17.5,NA,NA
Connecticut,2023,29.4,36.5,57.3,31.4,38.6,43.2,25.5,NA,NA
Delaware,2023,35.7,35.6,59.9,28.3,43.5,38.6,26,NA,NA
District of Columbia,2023,23.5,33.5,67.8,38.3,43.3,49.1,15.2,NA,NA
Florida,2023,30.1,35.6,60,31.5,41.6,43.6,25.4,NA,NA
Georgia,2023,35,33.7,58.8,29.6,40.8,41.6,24.7,NA,NA
Hawaii,2023,26.1,34.4,63.8,31.8,45.7,43.2,21.7,NA,NA
Idaho,2023,31,35.7,64.7,29.4,47.3,39.1,21.1,NA,NA
Illinois,2023,36,35,61.2,29.1,40,39.8,21.4,NA,NA
Indiana,2023,37.8,33.3,61.9,29.3,44.6,40.3,24.4,NA,NA
Iowa,2023,37.8,34.3,58.6,25.9,40.9,36.4,24.1,NA,NA
Kansas,2023,35.9,33.3,58.5,26.8,39.7,38.5,24.9,NA,NA
Louisiana,2023,39.9,32.1,54.5,26.9,39.8,40.8,30.1,NA,NA
Maine,2023,32.6,35.3,66.1,31,50.6,38.9,22.6,NA,NA
Maryland,2023,34.1,34.7,59.8,30.8,39.2,42.4,22.7,NA,NA
Massachusetts,2023,27.4,35.2,63.5,31.1,44.8,41.3,22,NA,NA
Michigan,2023,35.4,33.4,59.1,30.2,42.7,42,25.3,NA,NA
Minnesota,2023,33.3,34.2,62.3,30.2,44.1,41.1,22.8,NA,NA
Mississippi,2023,40.1,31.6,51.2,23.4,35.4,35.2,33.4,NA,NA
Missouri,2023,35.3,34.3,53.9,23.7,36.9,35.3,28.1,NA,NA
Montana,2023,30.5,35.2,66.3,32.2,49.6,43.2,19.6,NA,NA
Nebraska,2023,36.6,34.8,60,28.2,40.5,39.2,23.8,NA,NA
Nevada,2023,30.8,35.6,58.3,31,40.5,42.9,25.7,NA,NA
New Hampshire,2023,32.8,35.6,63.3,33.1,45.4,43.4,21.2,NA,NA
New Jersey,2023,28.9,35.9,59.3,31.3,41.1,43.3,24.2,NA,NA
New Mexico,2023,35.3,33.9,61.6,30.4,43.8,41.3,24,NA,NA
New York,2023,28,36.1,58.4,30.8,40.6,41.8,26.1,NA,NA
North Carolina,2023,34,35,59.9,26,39.4,34.1,21.9,NA,NA
North Dakota,2023,35.6,35.8,63.5,30.9,44.6,41.2,21.5,NA,NA
Ohio,2023,36.4,33.2,58,30.6,40.3,42.3,26.4,NA,NA
Oklahoma,2023,38.7,31.9,51.1,23.4,34.7,34.1,31,NA,NA
Oregon,2023,33.6,33.4,67,32.4,48.7,41,19.4,NA,NA
Rhode Island,2023,31.6,34.8,57.3,29.9,39.9,40.7,26.4,NA,NA
South Carolina,2023,36,33.9,59.1,31.6,42.3,44.3,26.3,NA,NA
South Dakota,2023,36,34.3,59.3,26.5,42.7,38.4,25.7,NA,NA
Tennessee,2023,37.6,33.1,57.6,27.4,41.9,40.7,26,NA,NA
Texas,2023,34.4,35,56.5,30.9,39.1,42.9,27.8,NA,NA
Utah,2023,30.2,34.3,65.1,33.1,43.8,44.5,16.2,NA,NA
Vermont,2023,28.8,34.8,66.5,33.7,48.5,41.9,20.3,NA,NA
Virginia,2023,34.3,34.3,63.5,31.8,45.5,42.3,22.3,NA,NA
Washington,2023,30.6,35.2,66.5,31.8,46.4,40.9,18.1,NA,NA
West Virginia,2023,41.2,32,53.1,20.6,38.4,30.7,32,NA,NA
Wisconsin,2023,35.9,34.1,58,27.5,39.8,39.2,26.8,NA,NA
Wyoming,2023,33.3,35.7,60.9,30.1,45.7,42,26.2,NA,NA
National,2023,32.8,34.7,59.9,30,41.8,41,24.5,NA,NA
Guam,2023,35.4,34.9,55.3,30.3,36.8,42,28.7,NA,NA
Puerto Rico,2023,36,35.1,33.9,9.5,17.1,15,52.1,NA,NA
Virgin Islands,2023,32.1,38.2,55.4,26.8,42,37.1,31.2,NA,NA
Alabama,2024,38.9,33.7,NA,NA,NA,NA,27.6,NA,NA
Alaska,2024,34,34.2,NA,NA,NA,NA,18.1,NA,NA
Arizona,2024,33.3,34.2,NA,NA,NA,NA,21.8,NA,NA
Arkansas,2024,38.9,34.1,NA,NA,NA,NA,28.5,NA,NA
California,2024,29.1,35.4,NA,NA,NA,NA,20.7,NA,NA
Colorado,2024,25,36.9,NA,NA,NA,NA,15.6,NA,NA
Connecticut,2024,32,35.9,NA,NA,NA,NA,20.8,NA,NA
Delaware,2024,36.6,33.5,NA,NA,NA,NA,25.2,NA,NA
District of Columbia,2024,25.5,32.1,NA,NA,NA,NA,13.9,NA,NA
Florida,2024,29.6,35.8,NA,NA,NA,NA,25,NA,NA
Georgia,2024,35.4,34.2,NA,NA,NA,NA,23,NA,NA
Guam,2024,40.2,29.4,NA,NA,NA,NA,30.2,NA,NA
Hawaii,2024,27,33.1,NA,NA,NA,NA,21.3,NA,NA
Idaho,2024,32.7,34.7,NA,NA,NA,NA,20.7,NA,NA
Illinois,2024,34.2,34.4,NA,NA,NA,NA,23.3,NA,NA
Indiana,2024,38.4,32.8,NA,NA,NA,NA,24.6,NA,NA
Iowa,2024,36.6,35.4,NA,NA,NA,NA,21.8,NA,NA
Kansas,2024,37.6,33.2,NA,NA,NA,NA,22.4,NA,NA
Kentucky,2024,37.2,33.7,NA,NA,NA,NA,28,NA,NA
Louisiana,2024,39.2,32.8,NA,NA,NA,NA,27.6,NA,NA
Maine,2024,33.2,34.1,NA,NA,NA,NA,21.4,NA,NA
Maryland,2024,32.7,36.3,NA,NA,NA,NA,19.5,NA,NA
Massachusetts,2024,27,35.7,NA,NA,NA,NA,18.8,NA,NA
Michigan,2024,36.1,32.6,NA,NA,NA,NA,22,NA,NA
Minnesota,2024,32.3,35.5,NA,NA,NA,NA,17.5,NA,NA
Mississippi,2024,40.4,32.6,NA,NA,NA,NA,30.6,NA,NA
Missouri,2024,34.6,34.1,NA,NA,NA,NA,24.6,NA,NA
Montana,2024,31,34.3,NA,NA,NA,NA,19.1,NA,NA
National,2024,33.1,34.7,NA,NA,NA,NA,22.5,NA,NA
Nebraska,2024,37.6,33.9,NA,NA,NA,NA,21.6,NA,NA
Nevada,2024,34.2,34.1,NA,NA,NA,NA,23.2,NA,NA
New Hampshire,2024,31.1,37.2,NA,NA,NA,NA,18.6,NA,NA
New Jersey,2024,27.7,37.1,NA,NA,NA,NA,22.8,NA,NA
New Mexico,2024,34.5,36.6,NA,NA,NA,NA,21.7,NA,NA
New York,2024,29.5,35.1,NA,NA,NA,NA,24,NA,NA
North Carolina,2024,34.5,34.8,NA,NA,NA,NA,20.2,NA,NA
North Dakota,2024,36.8,34.4,NA,NA,NA,NA,21.7,NA,NA
Ohio,2024,36.9,33.1,NA,NA,NA,NA,22.2,NA,NA
Oklahoma,2024,36.8,34,NA,NA,NA,NA,27.7,NA,NA
Oregon,2024,33.5,34.5,NA,NA,NA,NA,19,NA,NA
Pennsylvania,2024,34.2,34.7,NA,NA,NA,NA,22.7,NA,NA
Puerto Rico,2024,36.2,36.3,NA,NA,NA,NA,42.8,NA,NA
Rhode Island,2024,31.1,36.2,NA,NA,NA,NA,22.9,NA,NA
South Carolina,2024,34.6,34.5,NA,NA,NA,NA,21.7,NA,NA
South Dakota,2024,37,31.8,NA,NA,NA,NA,21.4,NA,NA
Texas,2024,35.6,34.3,NA,NA,NA,NA,25.1,NA,NA
Utah,2024,31,33.9,NA,NA,NA,NA,16.8,NA,NA
Vermont,2024,29,34.6,NA,NA,NA,NA,16,NA,NA
Virgin Islands,2024,37.7,31.5,NA,NA,NA,NA,20.4,NA,NA
Virginia,2024,32.3,35.3,NA,NA,NA,NA,21.9,NA,NA
Washington,2024,31.5,34.5,NA,NA,NA,NA,17.4,NA,NA
West Virginia,2024,41.4,32.6,NA,NA,NA,NA,28.7,NA,NA
Wisconsin,2024,37.4,32.1,NA,NA,NA,NA,21.7,NA,NA
Wyoming,2024,32.5,35.7,NA,NA,NA,NA,21,NA,NA
