YearStart,LocationAbbr,LocationDesc,obesity,aerobic_activity_150,muscle_strengthening_2plus,no_leisure_physical_activity,low_fruit_consumption,low_vegetable_consumption
2011,AL,Alabama,32,42.4,24.7,32.6,NA,NA
2011,AK,Alaska,27.4,57.9,33.8,22,NA,NA
2011,AZ,Arizona,25.1,52.8,32.5,24.1,NA,NA
2011,AR,Arkansas,30.9,45.7,24.7,30.9,NA,NA
2011,CA,California,23.8,58.2,32.1,19.1,NA,NA
2011,CO,Colorado,20.7,61.8,35.6,16.5,NA,NA
2011,CT,Connecticut,24.5,52.6,30.6,25.5,NA,NA
2011,DE,Delaware,28.8,48.5,32.3,27,NA,NA
2011,DC,District of Columbia,23.7,57.6,36.1,19.8,NA,NA
2011,FL,Florida,26.6,52.8,29.2,26.9,NA,NA
2011,GA,Georgia,28,50.7,30.2,26.7,NA,NA
2011,HI,Hawaii,21.8,58.5,32.1,21.3,NA,NA
2011,ID,Idaho,27,57.2,30.3,21.4,NA,NA
2011,IL,Illinois,27.1,51.7,31.4,25.1,NA,NA
2011,IN,Indiana,30.8,46,26,29.2,NA,NA
2011,IA,Iowa,29,47.6,27.5,25.9,NA,NA
2011,KS,Kansas,29.6,46.8,24.5,26.8,NA,NA
2011,KY,Kentucky,30.4,46.8,26.3,29.3,NA,NA
2011,LA,Louisiana,33.4,42,23.9,33.8,NA,NA
2011,ME,Maine,27.8,56.7,27.5,23,NA,NA
2011,MD,Maryland,28.3,48.7,30.2,26.2,NA,NA
2011,MA,Massachusetts,22.7,56.3,32,23.5,NA,NA
2011,MI,Michigan,31.3,53.5,28.8,23.6,NA,NA
2011,MN,Minnesota,25.7,54,29.6,21.9,NA,NA
2011,MS,Mississippi,34.9,40,23.9,36,NA,NA
2011,MO,Missouri,30.3,49.5,24.7,28.4,NA,NA
2011,MT,Montana,24.6,55.3,30.2,24.4,NA,NA
2011,NE,Nebraska,28.4,49,28.1,26.3,NA,NA
2011,NV,Nevada,24.5,52.6,30.1,24.3,NA,NA
2011,NH,New Hampshire,26.2,56.1,30.4,22.5,NA,NA
2011,NJ,New Jersey,23.7,53.2,31.7,26.4,NA,NA
2011,NM,New Mexico,26.3,52.2,31.5,25.3,NA,NA
2011,NY,New York,24.5,51.5,30.1,26.3,NA,NA
2011,NC,North Carolina,29.1,46.8,27.7,26.7,NA,NA
2011,ND,North Dakota,27.8,47.3,27.4,27.1,NA,NA
2011,OH,Ohio,29.6,51.6,30.4,27,NA,NA
2011,OK,Oklahoma,31.1,44.8,23.8,31.2,NA,NA
2011,OR,Oregon,26.7,61.1,30.9,19.8,NA,NA
2011,PA,Pennsylvania,28.6,49.4,27.8,26.2,NA,NA
2011,RI,Rhode Island,25.4,48.7,28.5,26.2,NA,NA
2011,SC,South Carolina,30.8,50,27.6,27.2,NA,NA
2011,SD,South Dakota,28.1,46.1,26.1,27,NA,NA
2011,TN,Tennessee,29.2,39,20.6,35.1,NA,NA
2011,TX,Texas,30.4,48.2,28.3,27.2,NA,NA
2011,UT,Utah,24.4,55.8,32.3,18.9,NA,NA
2011,VT,Vermont,25.4,59.2,29,21,NA,NA
2011,VA,Virginia,29.2,52.4,33.4,25,NA,NA
2011,WA,Washington,26.5,54.2,30.6,22,NA,NA
2011,WV,West Virginia,32.4,43,20.2,35.1,NA,NA
2011,WI,Wisconsin,27.7,57.4,29.2,22.7,NA,NA
2011,WY,Wyoming,25,53.1,29.6,25.5,NA,NA
2011,US,National,27.4,51.6,29.3,25.4,NA,NA
2012,AL,Alabama,33,NA,NA,27.2,NA,NA
2012,AK,Alaska,25.7,NA,NA,18.5,NA,NA
2012,AZ,Arizona,26,NA,NA,22.6,NA,NA
2012,AR,Arkansas,34.5,NA,NA,31.5,NA,NA
2012,CA,California,25,NA,NA,19.2,NA,NA
2012,CO,Colorado,20.5,NA,NA,17,NA,NA
2012,CT,Connecticut,25.6,NA,NA,22.1,NA,NA
2012,DE,Delaware,26.9,NA,NA,23.5,NA,NA
2012,DC,District of Columbia,21.9,NA,NA,17.4,NA,NA
2012,FL,Florida,25.2,NA,NA,23.3,NA,NA
2012,GA,Georgia,29.1,NA,NA,23.6,NA,NA
2012,HI,Hawaii,23.6,NA,NA,18.7,NA,NA
2012,ID,Idaho,26.8,NA,NA,20.3,NA,NA
2012,IL,Illinois,28.1,NA,NA,21.8,NA,NA
2012,IN,Indiana,31.4,NA,NA,25.9,NA,NA
2012,IA,Iowa,30.4,NA,NA,23.1,NA,NA
2012,KS,Kansas,29.8,NA,NA,22.9,NA,NA
2012,KY,Kentucky,31.3,NA,NA,29.7,NA,NA
2012,LA,Louisiana,34.7,NA,NA,29.9,NA,NA
2012,ME,Maine,28.3,NA,NA,20.9,NA,NA
2012,MD,Maryland,27.6,NA,NA,23.1,NA,NA
2012,MA,Massachusetts,22.9,NA,NA,19.8,NA,NA
2012,MI,Michigan,31.1,NA,NA,23.3,NA,NA
2012,MN,Minnesota,25.7,NA,NA,17.6,NA,NA
2012,MS,Mississippi,34.6,NA,NA,30.8,NA,NA
2012,MO,Missouri,29.6,NA,NA,24.7,NA,NA
2012,MT,Montana,24.3,NA,NA,20.5,NA,NA
2012,NE,Nebraska,28.6,NA,NA,21,NA,NA
2012,NV,Nevada,26.2,NA,NA,21.3,NA,NA
2012,NH,New Hampshire,27.3,NA,NA,20,NA,NA
2012,NJ,New Jersey,24.6,NA,NA,24.9,NA,NA
2012,NM,New Mexico,27.1,NA,NA,21.8,NA,NA
2012,NY,New York,23.6,NA,NA,24.7,NA,NA
2012,NC,North Carolina,29.6,NA,NA,24.9,NA,NA
2012,ND,North Dakota,29.7,NA,NA,23.8,NA,NA
2012,OH,Ohio,30.1,NA,NA,25.3,NA,NA
2012,OK,Oklahoma,32.2,NA,NA,28.3,NA,NA
2012,OR,Oregon,27.3,NA,NA,16.3,NA,NA
2012,PA,Pennsylvania,29.1,NA,NA,23.5,NA,NA
2012,RI,Rhode Island,25.7,NA,NA,23.6,NA,NA
2012,SC,South Carolina,31.6,NA,NA,25.1,NA,NA
2012,SD,South Dakota,28.1,NA,NA,22.5,NA,NA
2012,TN,Tennessee,31.1,NA,NA,28.6,NA,NA
2012,TX,Texas,29.2,NA,NA,27.2,NA,NA
2012,UT,Utah,24.3,NA,NA,16.5,NA,NA
2012,VT,Vermont,23.7,NA,NA,17.2,NA,NA
2012,VA,Virginia,27.4,NA,NA,22.5,NA,NA
2012,WA,Washington,26.8,NA,NA,19,NA,NA
2012,WV,West Virginia,33.8,NA,NA,31,NA,NA
2012,WI,Wisconsin,29.7,NA,NA,20.4,NA,NA
2012,WY,Wyoming,24.6,NA,NA,21.1,NA,NA
2012,US,National,27.7,NA,NA,23.3,NA,NA
2013,AL,Alabama,32.4,45.4,24.9,31.5,NA,NA
2013,AK,Alaska,28.4,55.3,36,22.3,NA,NA
2013,AZ,Arizona,26.8,51.9,31,25.2,NA,NA
2013,AR,Arkansas,34.6,41.2,22.3,34.4,NA,NA
2013,CA,California,24.1,56.3,33.2,21.4,NA,NA
2013,CO,Colorado,21.3,60.4,35.9,17.9,NA,NA
2013,CT,Connecticut,25,50.9,30,24.9,NA,NA
2013,DE,Delaware,31.1,49.7,31.8,27.8,NA,NA
2013,DC,District of Columbia,22.9,57.7,35.1,19.5,NA,NA
2013,FL,Florida,26.4,50.2,29.6,27.7,NA,NA
2013,GA,Georgia,30.3,50.8,30.7,27.2,NA,NA
2013,HI,Hawaii,21.8,60.2,35,22.1,NA,NA
2013,ID,Idaho,29.6,53.9,30.1,23.7,NA,NA
2013,IL,Illinois,29.4,52.4,30.2,25.1,NA,NA
2013,IN,Indiana,31.8,44,25.6,31,NA,NA
2013,IA,Iowa,31.3,46.9,27.2,28.5,NA,NA
2013,KS,Kansas,30,49.1,26.8,26.5,NA,NA
2013,KY,Kentucky,33.2,46,25.8,30.2,NA,NA
2013,LA,Louisiana,33.1,45.1,25.9,32.2,NA,NA
2013,ME,Maine,28.9,53.6,29.6,23.3,NA,NA
2013,MD,Maryland,28.3,48.6,32,25.3,NA,NA
2013,MA,Massachusetts,23.6,54.5,32.6,23.5,NA,NA
2013,MI,Michigan,31.5,53.1,28.8,24.4,NA,NA
2013,MN,Minnesota,25.5,52.7,31.2,23.5,NA,NA
2013,MS,Mississippi,35.1,37.4,24.3,38.1,NA,NA
2013,MO,Missouri,30.4,48.6,26.4,28.3,NA,NA
2013,MT,Montana,24.6,57.8,31.8,22.5,NA,NA
2013,NE,Nebraska,29.6,50.1,28.4,25.3,NA,NA
2013,NV,Nevada,26.2,53.6,32.8,23.7,NA,NA
2013,NH,New Hampshire,26.7,55.4,32.6,22.4,NA,NA
2013,NJ,New Jersey,26.3,50.5,32,26.8,NA,NA
2013,NM,New Mexico,26.4,55,32,24.3,NA,NA
2013,NY,New York,25.4,47.3,30.1,26.7,NA,NA
2013,NC,North Carolina,29.4,48.6,27.9,26.6,NA,NA
2013,ND,North Dakota,31,45.3,27,27.6,NA,NA
2013,OH,Ohio,30.4,49.5,28.3,28.5,NA,NA
2013,OK,Oklahoma,32.5,43.9,24.3,33,NA,NA
2013,OR,Oregon,26.5,64.1,31.6,18.5,NA,NA
2013,PA,Pennsylvania,30,47.8,29.1,26.3,NA,NA
2013,RI,Rhode Island,27.3,49.1,29.5,26.9,NA,NA
2013,SC,South Carolina,31.7,49.1,27,26.9,NA,NA
2013,SD,South Dakota,29.9,53.7,27.7,23.8,NA,NA
2013,TN,Tennessee,33.7,37.7,19.6,37.2,NA,NA
2013,TX,Texas,30.9,42.1,28.4,30.1,NA,NA
2013,UT,Utah,24.1,55.3,32.3,20.6,NA,NA
2013,VT,Vermont,24.7,58.8,30.3,20.5,NA,NA
2013,VA,Virginia,27.2,51.9,32.4,25.5,NA,NA
2013,WA,Washington,27.2,56.3,31.5,20,NA,NA
2013,WV,West Virginia,35.1,47.6,18.6,31.4,NA,NA
2013,WI,Wisconsin,29.8,53.4,29.8,23.8,NA,NA
2013,WY,Wyoming,27.8,54.2,28.6,25.1,NA,NA
2013,US,National,28.3,50.2,29.6,26.3,NA,NA
2013,PR,Puerto Rico,27.9,NA,NA,NA,NA,NA
2014,AL,Alabama,33.5,NA,NA,27.6,NA,NA
2014,AK,Alaska,29.7,NA,NA,19.2,NA,NA
2014,AZ,Arizona,28.9,NA,NA,21.2,NA,NA
2014,AR,Arkansas,35.9,NA,NA,30.7,NA,NA
2014,CA,California,24.7,NA,NA,21.7,NA,NA
2014,CO,Colorado,21.3,NA,NA,16.4,NA,NA
2014,CT,Connecticut,26.3,NA,NA,20.6,NA,NA
2014,DE,Delaware,30.7,NA,NA,24.9,NA,NA
2014,DC,District of Columbia,21.7,NA,NA,20.8,NA,NA
2014,FL,Florida,26.2,NA,NA,23.7,NA,NA
2014,GA,Georgia,30.5,NA,NA,23.6,NA,NA
2014,HI,Hawaii,22.1,NA,NA,19.6,NA,NA
2014,ID,Idaho,28.9,NA,NA,18.7,NA,NA
2014,IL,Illinois,29.3,NA,NA,23.9,NA,NA
2014,IN,Indiana,32.7,NA,NA,26.1,NA,NA
2014,IA,Iowa,30.9,NA,NA,22.6,NA,NA
2014,KS,Kansas,31.3,NA,NA,23.8,NA,NA
2014,KY,Kentucky,31.6,NA,NA,28.2,NA,NA
2014,LA,Louisiana,34.9,NA,NA,29.5,NA,NA
2014,ME,Maine,28.2,NA,NA,19.7,NA,NA
2014,MD,Maryland,29.6,NA,NA,21.4,NA,NA
2014,MA,Massachusetts,23.3,NA,NA,20.1,NA,NA
2014,MI,Michigan,30.7,NA,NA,25.5,NA,NA
2014,MN,Minnesota,27.6,NA,NA,20.2,NA,NA
2014,MS,Mississippi,35.5,NA,NA,31.6,NA,NA
2014,MO,Missouri,30.2,NA,NA,25,NA,NA
2014,MT,Montana,26.4,NA,NA,19.6,NA,NA
2014,NE,Nebraska,30.2,NA,NA,21.3,NA,NA
2014,NV,Nevada,27.7,NA,NA,22.5,NA,NA
2014,NH,New Hampshire,27.4,NA,NA,19.3,NA,NA
2014,NJ,New Jersey,26.9,NA,NA,23.3,NA,NA
2014,NM,New Mexico,28.4,NA,NA,23.3,NA,NA
2014,NY,New York,27,NA,NA,25.9,NA,NA
2014,NC,North Carolina,29.7,NA,NA,23.2,NA,NA
2014,ND,North Dakota,32.2,NA,NA,21.3,NA,NA
2014,OH,Ohio,32.6,NA,NA,25,NA,NA
2014,OK,Oklahoma,33,NA,NA,28.3,NA,NA
2014,OR,Oregon,27.9,NA,NA,16.5,NA,NA
2014,PA,Pennsylvania,30.2,NA,NA,23.3,NA,NA
2014,RI,Rhode Island,27,NA,NA,22.5,NA,NA
2014,SC,South Carolina,32.1,NA,NA,25.3,NA,NA
2014,SD,South Dakota,29.8,NA,NA,21.2,NA,NA
2014,TN,Tennessee,31.2,NA,NA,26.8,NA,NA
2014,TX,Texas,31.9,NA,NA,27.6,NA,NA
2014,UT,Utah,25.7,NA,NA,16.8,NA,NA
2014,VT,Vermont,24.8,NA,NA,19,NA,NA
2014,VA,Virginia,28.5,NA,NA,23.5,NA,NA
2014,WA,Washington,27.3,NA,NA,18.1,NA,NA
2014,WV,West Virginia,35.7,NA,NA,28.7,NA,NA
2014,WI,Wisconsin,31.2,NA,NA,21.2,NA,NA
2014,WY,Wyoming,29.5,NA,NA,22.1,NA,NA
2014,US,National,28.9,NA,NA,23.7,NA,NA
2014,GU,Guam,28,NA,NA,27.7,NA,NA
2014,PR,Puerto Rico,28.3,NA,NA,40.6,NA,NA
2015,AL,Alabama,35.6,44.6,25.7,31.9,NA,NA
2015,AK,Alaska,29.8,58.3,34.1,22,NA,NA
2015,AZ,Arizona,28.4,53.8,30.7,24.7,NA,NA
2015,AR,Arkansas,34.5,45.1,24.4,34.2,NA,NA
2015,CA,California,24.2,57.3,33,20,NA,NA
2015,CO,Colorado,20.2,60.6,35.4,17.9,NA,NA
2015,CT,Connecticut,25.3,54.5,31.2,23.5,NA,NA
2015,DE,Delaware,29.7,48.5,30.5,29.4,NA,NA
2015,DC,District of Columbia,22.1,57.9,33.6,19.4,NA,NA
2015,FL,Florida,26.8,51.6,31.9,26.2,NA,NA
2015,GA,Georgia,30.7,48,29.6,27.3,NA,NA
2015,HI,Hawaii,22.7,56.6,33.3,22.5,NA,NA
2015,ID,Idaho,28.6,55.3,29.9,21.2,NA,NA
2015,IL,Illinois,30.8,49.8,31.5,24.8,NA,NA
2015,IN,Indiana,31.3,44.1,27,29.4,NA,NA
2015,IA,Iowa,32.1,48.8,29.8,26.3,NA,NA
2015,KS,Kansas,34.2,50,29,26.5,NA,NA
2015,KY,Kentucky,34.6,45.2,28.4,32.5,NA,NA
2015,LA,Louisiana,36.2,46.2,27.2,31.9,NA,NA
2015,ME,Maine,30,53.9,27.9,24.8,NA,NA
2015,MD,Maryland,28.9,52.9,32.7,24.1,NA,NA
2015,MA,Massachusetts,24.3,51.8,31.5,26.5,NA,NA
2015,MI,Michigan,31.2,52.1,29.3,25.5,NA,NA
2015,MN,Minnesota,26.1,54.9,31.9,21.8,NA,NA
2015,MS,Mississippi,35.6,38,26.5,36.8,NA,NA
2015,MO,Missouri,32.4,50.5,28.8,27,NA,NA
2015,MT,Montana,23.6,58.2,32.9,22.5,NA,NA
2015,NE,Nebraska,31.4,51.3,31.2,25.3,NA,NA
2015,NV,Nevada,26.7,54.5,34.3,24.7,NA,NA
2015,NH,New Hampshire,26.3,57.6,31.6,22.6,NA,NA
2015,NJ,New Jersey,25.6,48.9,31.5,27.2,NA,NA
2015,NM,New Mexico,28.8,56,33.7,22.6,NA,NA
2015,NY,New York,25,47.1,30.2,29.3,NA,NA
2015,NC,North Carolina,30.1,48.1,29.3,26.2,NA,NA
2015,ND,North Dakota,31,47,27.6,26.8,NA,NA
2015,OH,Ohio,29.8,50.2,29.5,27,NA,NA
2015,OK,Oklahoma,33.9,46.6,26.2,33.2,NA,NA
2015,OR,Oregon,30.1,60.4,30.4,18.8,NA,NA
2015,PA,Pennsylvania,30,49.8,29.6,27.8,NA,NA
2015,RI,Rhode Island,26,50.4,28.7,28.1,NA,NA
2015,SC,South Carolina,31.7,50.5,29.4,26.7,NA,NA
2015,SD,South Dakota,30.4,53.6,28.8,21.5,NA,NA
2015,TN,Tennessee,33.8,45.4,27.6,30.4,NA,NA
2015,TX,Texas,32.4,44.3,29.3,29.5,NA,NA
2015,UT,Utah,24.5,55.3,34.8,20.3,NA,NA
2015,VT,Vermont,25.1,58.9,30.5,22.2,NA,NA
2015,VA,Virginia,29.2,51,32.3,25.1,NA,NA
2015,WA,Washington,26.4,58.4,31.8,19,NA,NA
2015,WV,West Virginia,35.6,48,20.9,30.8,NA,NA
2015,WI,Wisconsin,30.7,56.8,28.6,21.6,NA,NA
2015,WY,Wyoming,29,54.4,32.1,26.2,NA,NA
2015,US,National,28.9,50.9,30.4,25.9,NA,NA
2015,GU,Guam,31.6,48.9,32,31.1,NA,NA
2015,PR,Puerto Rico,29.5,34.1,10.9,48.1,NA,NA
2016,AL,Alabama,35.7,NA,NA,29.4,NA,NA
2016,AK,Alaska,31.4,NA,NA,19.1,NA,NA
2016,AZ,Arizona,29,NA,NA,23.1,NA,NA
2016,AR,Arkansas,35.7,NA,NA,32.5,NA,NA
2016,CA,California,25,NA,NA,20.5,NA,NA
2016,CO,Colorado,22.3,NA,NA,15.8,NA,NA
2016,CT,Connecticut,26,NA,NA,21.3,NA,NA
2016,DE,Delaware,30.7,NA,NA,26.6,NA,NA
2016,DC,District of Columbia,22.6,NA,NA,16.2,NA,NA
2016,FL,Florida,27.4,NA,NA,29.8,NA,NA
2016,GA,Georgia,31.4,NA,NA,29.4,NA,NA
2016,HI,Hawaii,23.8,NA,NA,20.8,NA,NA
2016,ID,Idaho,27.4,NA,NA,20.2,NA,NA
2016,IL,Illinois,31.6,NA,NA,23.9,NA,NA
2016,IN,Indiana,32.5,NA,NA,26.8,NA,NA
2016,IA,Iowa,32,NA,NA,22.7,NA,NA
2016,KS,Kansas,31.2,NA,NA,23.5,NA,NA
2016,KY,Kentucky,34.2,NA,NA,29.8,NA,NA
2016,LA,Louisiana,35.5,NA,NA,29.1,NA,NA
2016,ME,Maine,29.9,NA,NA,20.6,NA,NA
2016,MD,Maryland,29.9,NA,NA,23.1,NA,NA
2016,MA,Massachusetts,23.6,NA,NA,20,NA,NA
2016,MI,Michigan,32.5,NA,NA,23.9,NA,NA
2016,MN,Minnesota,27.8,NA,NA,18,NA,NA
2016,MS,Mississippi,37.3,NA,NA,30.3,NA,NA
2016,MO,Missouri,31.7,NA,NA,24.9,NA,NA
2016,MT,Montana,25.5,NA,NA,19.9,NA,NA
2016,NE,Nebraska,32,NA,NA,22.4,NA,NA
2016,NV,Nevada,25.8,NA,NA,24.7,NA,NA
2016,NH,New Hampshire,26.6,NA,NA,19.3,NA,NA
2016,NJ,New Jersey,27.4,NA,NA,29.8,NA,NA
2016,NM,New Mexico,28.3,NA,NA,20.3,NA,NA
2016,NY,New York,25.5,NA,NA,26.3,NA,NA
2016,NC,North Carolina,31.8,NA,NA,23.3,NA,NA
2016,ND,North Dakota,31.9,NA,NA,22.2,NA,NA
2016,OH,Ohio,31.5,NA,NA,25.9,NA,NA
2016,OK,Oklahoma,32.8,NA,NA,28.5,NA,NA
2016,OR,Oregon,28.7,NA,NA,17.2,NA,NA
2016,PA,Pennsylvania,30.3,NA,NA,22.9,NA,NA
2016,RI,Rhode Island,26.6,NA,NA,24.4,NA,NA
2016,SC,South Carolina,32.3,NA,NA,26.9,NA,NA
2016,SD,South Dakota,29.6,NA,NA,18.9,NA,NA
2016,TN,Tennessee,34.8,NA,NA,28.4,NA,NA
2016,TX,Texas,33.7,NA,NA,25.2,NA,NA
2016,UT,Utah,25.4,NA,NA,15.7,NA,NA
2016,VT,Vermont,27.1,NA,NA,19.5,NA,NA
2016,VA,Virginia,29,NA,NA,23.3,NA,NA
2016,WA,Washington,28.6,NA,NA,17.6,NA,NA
2016,WV,West Virginia,37.7,NA,NA,28.5,NA,NA
2016,WI,Wisconsin,30.7,NA,NA,20,NA,NA
2016,WY,Wyoming,27.7,NA,NA,23.1,NA,NA
2016,US,National,29.6,NA,NA,24.2,NA,NA
2016,GU,Guam,28.3,NA,NA,29.6,NA,NA
2016,PR,Puerto Rico,30.7,NA,NA,41.7,NA,NA
2016,VI,Virgin Islands,32.5,NA,NA,26.1,NA,NA
2017,AL,Alabama,36.3,42.8,26,32,44.9,19.3
2017,AK,Alaska,34.2,58.3,34.7,20.6,36.9,19
2017,AZ,Arizona,29.5,52.7,31.5,25.1,37.2,20.8
2017,AR,Arkansas,35,45.4,25.6,32.5,44.7,19.3
2017,CA,California,25.1,57.5,34.3,20,32.5,21.4
2017,CO,Colorado,22.6,58.7,35.5,19.5,33,17.4
2017,CT,Connecticut,26.9,51.9,33.6,24,31.5,16.9
2017,DE,Delaware,31.8,46.3,28.6,31,35.4,17.2
2017,DC,District of Columbia,23,48.8,30.3,23,30.6,13.7
2017,FL,Florida,28.4,49.5,30,29.2,34.4,19.4
2017,GA,Georgia,31.6,46.1,31.4,31,38.6,18.1
2017,HI,Hawaii,23.8,56.5,35.4,23.5,37,21
2017,ID,Idaho,29.3,54.8,32.5,24.2,35.4,15.9
2017,IL,Illinois,31.1,52.5,30.7,24,33.3,21.3
2017,IN,Indiana,33.6,46.4,27.2,29.8,40.7,19.2
2017,IA,Iowa,36.4,50.2,28.9,25,35.6,19.3
2017,KS,Kansas,32.4,49.3,28.5,27.9,37.6,17.3
2017,KY,Kentucky,34.3,44.7,26.4,34.4,42.7,17
2017,LA,Louisiana,36.2,45,28,31.8,45,23.9
2017,ME,Maine,29.1,52.8,29.5,25.2,31.4,12.4
2017,MD,Maryland,31.3,50.6,31.9,25.6,34.3,18.3
2017,MA,Massachusetts,25.9,50.9,31.2,24.8,31.2,16.7
2017,MI,Michigan,32.3,49.5,29.9,27.2,36.4,18.5
2017,MN,Minnesota,28.4,51.1,31.4,24.6,32.3,18
2017,MS,Mississippi,37.3,44.7,25.9,33.2,46.3,21.4
2017,MO,Missouri,32.5,47.4,28.5,29.2,39.9,16.9
2017,MT,Montana,25.3,54.6,30.2,25,36.4,15.1
2017,NE,Nebraska,32.8,49.4,29.8,25.4,36.9,20
2017,NV,Nevada,26.7,47,31.3,28,37.6,22.1
2017,NH,New Hampshire,28.1,54.4,30.4,23.9,30.3,13.7
2017,NJ,New Jersey,27.3,48.9,32.8,29,33.7,19.1
2017,NM,New Mexico,28.4,54,32.8,24.5,37.4,20.5
2017,NY,New York,25.7,49.3,29.9,27.2,33.5,20.3
2017,NC,North Carolina,32.1,49.2,29.4,25.6,37.4,15.6
2017,ND,North Dakota,33.2,45.7,30.2,27.6,36.8,19.8
2017,OH,Ohio,33.8,47.8,29.2,29.6,37.7,18.7
2017,OK,Oklahoma,36.5,42.5,25.5,32.4,45.8,17.1
2017,OR,Oregon,29.4,56.9,31.1,21.4,33,16.4
2017,PA,Pennsylvania,31.6,53,30.4,24.9,34.1,16.4
2017,RI,Rhode Island,30,50.6,28.8,26.3,33.7,17.9
2017,SC,South Carolina,34.1,48.6,27.4,28.4,40.6,18
2017,SD,South Dakota,31.9,50.8,28.3,24.9,36.9,16.9
2017,TN,Tennessee,32.8,47,26.6,30.6,38.9,15.8
2017,TX,Texas,33,41.9,29.2,32.1,39.4,21.9
2017,UT,Utah,25.3,54,33.3,21.1,32.1,17.3
2017,VT,Vermont,27.6,59.7,31.4,21.6,29.7,12.9
2017,VA,Virginia,30.1,50.9,32.5,25.9,36.6,15.8
2017,WA,Washington,27.7,57.9,32.6,19.2,32.1,16.8
2017,WV,West Virginia,38.1,48.1,22.6,31.6,44.9,18.3
2017,WI,Wisconsin,32,57.1,30.6,22.4,32.4,19
2017,WY,Wyoming,28.8,53.9,32.9,25.7,37.7,15.3
2017,US,National,30.1,50.3,30.5,26.6,36,19
2017,GU,Guam,34.3,44.6,32.5,33.4,44.1,26.7
2017,PR,Puerto Rico,32.9,19.6,9.8,54,56,46
2018,AL,Alabama,36.2,NA,NA,30.7,NA,NA
2018,AK,Alaska,29.5,NA,NA,19.6,NA,NA
2018,AZ,Arizona,29.5,NA,NA,22.1,NA,NA
2018,AR,Arkansas,37.1,NA,NA,31,NA,NA
2018,CA,California,25.8,NA,NA,21,NA,NA
2018,CO,Colorado,23,NA,NA,16.4,NA,NA
2018,CT,Connecticut,27.4,NA,NA,22.4,NA,NA
2018,DE,Delaware,33.5,NA,NA,26.8,NA,NA
2018,DC,District of Columbia,24.7,NA,NA,19.6,NA,NA
2018,FL,Florida,30.7,NA,NA,26.8,NA,NA
2018,GA,Georgia,32.5,NA,NA,26.2,NA,NA
2018,HI,Hawaii,24.9,NA,NA,19.9,NA,NA
2018,ID,Idaho,28.4,NA,NA,20.5,NA,NA
2018,IL,Illinois,31.8,NA,NA,24.6,NA,NA
2018,IN,Indiana,34.1,NA,NA,27.4,NA,NA
2018,IA,Iowa,35.3,NA,NA,22.9,NA,NA
2018,KS,Kansas,34.4,NA,NA,22.5,NA,NA
2018,KY,Kentucky,36.6,NA,NA,32.4,NA,NA
2018,LA,Louisiana,36.8,NA,NA,30.8,NA,NA
2018,ME,Maine,30.4,NA,NA,22.5,NA,NA
2018,MD,Maryland,30.9,NA,NA,22.9,NA,NA
2018,MA,Massachusetts,25.7,NA,NA,22.4,NA,NA
2018,MI,Michigan,33,NA,NA,23.8,NA,NA
2018,MN,Minnesota,30.1,NA,NA,20.5,NA,NA
2018,MS,Mississippi,39.5,NA,NA,32,NA,NA
2018,MO,Missouri,35,NA,NA,26.1,NA,NA
2018,MT,Montana,26.9,NA,NA,22.7,NA,NA
2018,NE,Nebraska,34.1,NA,NA,23.8,NA,NA
2018,NV,Nevada,29.5,NA,NA,25,NA,NA
2018,NH,New Hampshire,29.6,NA,NA,21.5,NA,NA
2018,NJ,New Jersey,25.7,NA,NA,28.5,NA,NA
2018,NM,New Mexico,32.3,NA,NA,22.2,NA,NA
2018,NY,New York,27.6,NA,NA,23.8,NA,NA
2018,NC,North Carolina,33,NA,NA,23.9,NA,NA
2018,ND,North Dakota,35.1,NA,NA,22.3,NA,NA
2018,OH,Ohio,34,NA,NA,25.4,NA,NA
2018,OK,Oklahoma,34.8,NA,NA,27.2,NA,NA
2018,OR,Oregon,29.9,NA,NA,19.3,NA,NA
2018,PA,Pennsylvania,30.9,NA,NA,24,NA,NA
2018,RI,Rhode Island,27.7,NA,NA,25.3,NA,NA
2018,SC,South Carolina,34.3,NA,NA,26.7,NA,NA
2018,SD,South Dakota,30.1,NA,NA,24,NA,NA
2018,TN,Tennessee,34.4,NA,NA,30.9,NA,NA
2018,TX,Texas,34.8,NA,NA,25.6,NA,NA
2018,UT,Utah,27.8,NA,NA,17.5,NA,NA
2018,VT,Vermont,27.5,NA,NA,18.9,NA,NA
2018,VA,Virginia,30.4,NA,NA,22,NA,NA
2018,WA,Washington,28.7,NA,NA,17.6,NA,NA
2018,WV,West Virginia,39.5,NA,NA,28.2,NA,NA
2018,WI,Wisconsin,32,NA,NA,21.8,NA,NA
2018,WY,Wyoming,29,NA,NA,21.7,NA,NA
2018,US,National,30.9,NA,NA,24.2,NA,NA
2018,GU,Guam,29.8,NA,NA,30,NA,NA
2018,PR,Puerto Rico,32.9,NA,NA,47.3,NA,NA
2019,AL,Alabama,36.1,45.9,29.2,31.5,46.1,22.3
2019,AK,Alaska,30.5,57.3,37.6,21.7,42.8,19
2019,AZ,Arizona,31.4,54.7,37.7,24.1,38.5,21.9
2019,AR,Arkansas,37.4,46.8,32.2,31.2,46.5,21.6
2019,CA,California,26.2,55,33.7,22.4,36.2,23.9
2019,CO,Colorado,23.8,59.3,39.3,18.7,37,19.5
2019,CT,Connecticut,29.1,54.4,39.4,23.5,34.1,19.9
2019,DE,Delaware,34.4,51.6,37,26.6,37,20.3
2019,DC,District of Columbia,23.8,56.1,40.6,19,35.6,16.5
2019,FL,Florida,27,55.1,38.1,26.5,38.3,21.3
2019,GA,Georgia,33.1,49.1,38.2,27.9,43.1,19
2019,HI,Hawaii,25,56,37.9,24.4,40.3,22
2019,ID,Idaho,29.5,57.4,31.2,23.8,36.8,16.6
2019,IL,Illinois,31.6,50.5,37.1,25.6,38.3,23.4
2019,IN,Indiana,35.3,46.9,35.3,30.9,41.6,21.3
2019,IA,Iowa,33.9,49.1,32.9,26.5,40.5,22.7
2019,KS,Kansas,35.2,49.1,33.4,27.1,41.4,20
2019,KY,Kentucky,36.5,36.3,27,32.8,45.8,19.7
2019,LA,Louisiana,35.9,45.9,34.2,31.9,47.2,25.6
2019,ME,Maine,31.7,52.1,30.6,30.1,35.2,12.5
2019,MD,Maryland,32.3,52.2,36.6,23.4,37.3,21.3
2019,MA,Massachusetts,25.2,53.5,33.2,26.4,32.7,15.5
2019,MI,Michigan,36,51.7,35.3,25.4,40.1,20.7
2019,MN,Minnesota,30.1,58.5,36.5,19.9,35.2,20.6
2019,MS,Mississippi,40.8,39.5,29,37.7,47.5,22.9
2019,MO,Missouri,34.8,45.1,27.8,30.6,42.2,19
2019,MT,Montana,28.3,63.1,39.7,19.7,40.9,16.9
2019,NE,Nebraska,34.1,48.7,34.8,26.9,39.5,20.8
2019,NV,Nevada,30.6,50.7,34.3,25.8,43.4,25.2
2019,NH,New Hampshire,31.8,57.6,37.2,21.7,35.7,16
2019,NM,New Mexico,31.7,54.1,38.4,25.4,43.1,23.7
2019,NY,New York,27.1,50.9,37.9,27.2,34.7,21.7
2019,NC,North Carolina,34,50.5,31.9,26.3,38.1,17.1
2019,ND,North Dakota,34.8,47.7,32,28,40.6,22.1
2019,OH,Ohio,34.8,48.9,34.7,28.3,42.7,20.2
2019,OK,Oklahoma,36.8,38.3,28.7,34,48.4,21.5
2019,OR,Oregon,29,57.3,34.8,23.9,35.8,16.4
2019,PA,Pennsylvania,33.2,51.1,33.7,25.6,38,19.8
2019,RI,Rhode Island,30,50.5,36.1,26.5,36.1,20.6
2019,SC,South Carolina,35.4,47.9,38.2,28.8,43.2,18.7
2019,SD,South Dakota,33,46.6,34.6,30,39.2,17.4
2019,TN,Tennessee,36.5,47.5,35.5,30.1,43,19
2019,TX,Texas,34,49.3,37.8,27.2,41.3,23.2
2019,UT,Utah,29.2,55.7,38.4,18.5,36.6,21.3
2019,VT,Vermont,26.6,61.9,39.7,20,32,12.7
2019,VA,Virginia,31.9,50,35.8,25.3,38.3,17.9
2019,WA,Washington,28.3,59.3,36.5,19.2,36.2,19
2019,WV,West Virginia,39.7,48,26.1,31.2,46.3,19.8
2019,WI,Wisconsin,34.2,55.2,36.2,23.2,38.9,22.8
2019,WY,Wyoming,29.7,55,38,24.6,42.2,18.6
2019,US,National,31.4,51.5,35.3,26,39.2,21
2019,GU,Guam,33.6,45.9,36,29.2,49,27
2019,PR,Puerto Rico,32.5,30.5,11.6,50.6,53.3,44.4
2020,AL,Alabama,39,NA,NA,28.8,NA,NA
2020,AK,Alaska,31.9,NA,NA,21.3,NA,NA
2020,AZ,Arizona,30.9,NA,NA,22.4,NA,NA
2020,AR,Arkansas,36.4,NA,NA,29.7,NA,NA
2020,CA,California,30.3,NA,NA,21.2,NA,NA
2020,CO,Colorado,24.2,NA,NA,16.6,NA,NA
2020,CT,Connecticut,29.2,NA,NA,20.6,NA,NA
2020,DE,Delaware,36.5,NA,NA,24.7,NA,NA
2020,DC,District of Columbia,24.3,NA,NA,18.1,NA,NA
2020,FL,Florida,28.4,NA,NA,26.8,NA,NA
2020,GA,Georgia,34.3,NA,NA,24.8,NA,NA
2020,HI,Hawaii,24.5,NA,NA,19.2,NA,NA
2020,ID,Idaho,31.1,NA,NA,20.5,NA,NA
2020,IL,Illinois,32.4,NA,NA,25.3,NA,NA
2020,IN,Indiana,36.8,NA,NA,26.3,NA,NA
2020,IA,Iowa,36.5,NA,NA,23.6,NA,NA
2020,KS,Kansas,35.3,NA,NA,22,NA,NA
2020,KY,Kentucky,36.6,NA,NA,30.6,NA,NA
2020,LA,Louisiana,38.1,NA,NA,29,NA,NA
2020,ME,Maine,31,NA,NA,21.5,NA,NA
2020,MD,Maryland,31,NA,NA,21,NA,NA
2020,MA,Massachusetts,24.4,NA,NA,19.9,NA,NA
2020,MI,Michigan,35.2,NA,NA,20.8,NA,NA
2020,MN,Minnesota,30.7,NA,NA,19.1,NA,NA
2020,MS,Mississippi,39.7,NA,NA,30,NA,NA
2020,MO,Missouri,34,NA,NA,25.7,NA,NA
2020,MT,Montana,28.5,NA,NA,18.9,NA,NA
2020,NE,Nebraska,34,NA,NA,21.5,NA,NA
2020,NV,Nevada,28.7,NA,NA,25.4,NA,NA
2020,NH,New Hampshire,29.9,NA,NA,19.3,NA,NA
2020,NJ,New Jersey,27.7,NA,NA,21,NA,NA
2020,NM,New Mexico,30.9,NA,NA,23,NA,NA
2020,NY,New York,26.3,NA,NA,25.6,NA,NA
2020,NC,North Carolina,33.6,NA,NA,22.7,NA,NA
2020,ND,North Dakota,33.1,NA,NA,24.6,NA,NA
2020,OH,Ohio,35.5,NA,NA,24.5,NA,NA
2020,OK,Oklahoma,36.4,NA,NA,28.6,NA,NA
2020,OR,Oregon,28.1,NA,NA,18.5,NA,NA
2020,PA,Pennsylvania,31.5,NA,NA,24.5,NA,NA
2020,RI,Rhode Island,30.1,NA,NA,23.5,NA,NA
2020,SC,South Carolina,36.2,NA,NA,26.6,NA,NA
2020,SD,South Dakota,33.2,NA,NA,22.4,NA,NA
2020,TN,Tennessee,35.6,NA,NA,24.5,NA,NA
2020,TX,Texas,35.8,NA,NA,25.6,NA,NA
2020,UT,Utah,28.6,NA,NA,15.9,NA,NA
2020,VT,Vermont,26.3,NA,NA,18.2,NA,NA
2020,VA,Virginia,32.2,NA,NA,20.9,NA,NA
2020,WA,Washington,28,NA,NA,17.8,NA,NA
2020,WV,West Virginia,39.1,NA,NA,29.7,NA,NA
2020,WI,Wisconsin,32.3,NA,NA,20.5,NA,NA
2020,WY,Wyoming,30.7,NA,NA,22.4,NA,NA
2020,US,National,31.9,NA,NA,23.5,NA,NA
2020,GU,Guam,34.4,NA,NA,25.8,NA,NA
2020,PR,Puerto Rico,31.4,NA,NA,45.8,NA,NA
2021,AL,Alabama,39.9,NA,NA,31.5,45.9,20.6
2021,AK,Alaska,33.5,NA,NA,20.3,42.4,18.7
2021,AZ,Arizona,31.3,NA,NA,22.7,41.6,21.7
2021,AR,Arkansas,38.7,NA,NA,30.6,46.4,21.1
2021,CA,California,27.6,NA,NA,20.1,36.2,22.5
2021,CO,Colorado,25.1,NA,NA,16.7,38.3,18.8
2021,CT,Connecticut,30.4,NA,NA,22.9,36,20.5
2021,DE,Delaware,33.9,NA,NA,27.2,39.7,20.5
2021,DC,District of Columbia,24.7,NA,NA,15.8,33.2,17
2021,GA,Georgia,33.9,NA,NA,23.7,41.5,19.7
2021,HI,Hawaii,25,NA,NA,20,42.6,21.9
2021,ID,Idaho,31.6,NA,NA,20.5,41.8,16.2
2021,IL,Illinois,34.2,NA,NA,27.2,39.2,16.6
2021,IN,Indiana,36.3,NA,NA,25.9,43.4,21.3
2021,IA,Iowa,36.4,NA,NA,24.7,41.5,23
2021,KS,Kansas,36,NA,NA,23.6,43.7,19.7
2021,KY,Kentucky,40.3,NA,NA,30.5,45,19.8
2021,LA,Louisiana,38.6,NA,NA,29.4,48.6,25.7
2021,ME,Maine,31.9,NA,NA,26.5,35,13.1
2021,MD,Maryland,34.3,NA,NA,21.7,37.1,19.2
2021,MA,Massachusetts,27.4,NA,NA,21.1,36.7,17.2
2021,MI,Michigan,34.4,NA,NA,23.1,39.9,19.4
2021,MN,Minnesota,32.4,NA,NA,20.2,36.4,20.6
2021,MS,Mississippi,39.1,NA,NA,30.9,46.9,23.2
2021,MO,Missouri,37.3,NA,NA,25.3,43.4,19.5
2021,MT,Montana,31.8,NA,NA,21.2,40,16.9
2021,NE,Nebraska,35.9,NA,NA,24.2,42.7,20.8
2021,NV,Nevada,31.3,NA,NA,24.2,42.1,24.2
2021,NH,New Hampshire,30.6,NA,NA,20,36.1,15.6
2021,NJ,New Jersey,28.2,NA,NA,24.1,35.7,21.9
2021,NM,New Mexico,34.6,NA,NA,23,41.2,22.3
2021,NY,New York,29.1,NA,NA,25.8,36.5,21.5
2021,NC,North Carolina,36,NA,NA,22.3,40.4,18.1
2021,ND,North Dakota,35.2,NA,NA,25.5,44,22.8
2021,OH,Ohio,37.8,NA,NA,25.9,43,19.7
2021,OK,Oklahoma,39.4,NA,NA,28.3,48.7,20.7
2021,OR,Oregon,30.4,NA,NA,19.9,37.7,16.4
2021,PA,Pennsylvania,33.3,NA,NA,24.3,39.4,19.4
2021,RI,Rhode Island,30.1,NA,NA,24.2,35.5,19.7
2021,SC,South Carolina,36.1,NA,NA,25,42.5,20.7
2021,SD,South Dakota,38.4,NA,NA,23.2,43.4,19.2
2021,TN,Tennessee,35,NA,NA,28.7,46.1,19.8
2021,TX,Texas,36.1,NA,NA,25.1,40.9,24.5
2021,UT,Utah,30.9,NA,NA,17.3,37.7,20
2021,VT,Vermont,29,NA,NA,17.8,34.4,14.1
2021,VA,Virginia,34.2,NA,NA,20.9,39.6,18.1
2021,WA,Washington,28.8,NA,NA,17.8,36.1,19.1
2021,WV,West Virginia,40.6,NA,NA,30.5,46,18.9
2021,WI,Wisconsin,33.9,NA,NA,20.3,38.8,20.1
2021,WY,Wyoming,32,NA,NA,22.9,43.3,19.2
2021,US,National,33,NA,NA,23.7,39.9,20.6
2021,GU,Guam,33.5,NA,NA,29.9,42.7,29.4
2021,PR,Puerto Rico,36,NA,NA,46.1,51.1,46.6
2021,VI,Virgin Islands,35.6,NA,NA,21.9,39.7,32.2
2022,AL,Alabama,38.3,NA,NA,29.1,NA,NA
2022,AK,Alaska,32.1,NA,NA,21.5,NA,NA
2022,AZ,Arizona,33.2,NA,NA,23.4,NA,NA
2022,AR,Arkansas,37.4,NA,NA,31.1,NA,NA
2022,CA,California,28.1,NA,NA,21.9,NA,NA
2022,CO,Colorado,25,NA,NA,16.8,NA,NA
2022,CT,Connecticut,30.6,NA,NA,23.1,NA,NA
2022,DE,Delaware,37.9,NA,NA,23.5,NA,NA
2022,DC,District of Columbia,24.3,NA,NA,15.1,NA,NA
2022,FL,Florida,31.6,NA,NA,24.5,NA,NA
2022,GA,Georgia,37,NA,NA,23.8,NA,NA
2022,HI,Hawaii,25.9,NA,NA,21.3,NA,NA
2022,ID,Idaho,33.2,NA,NA,21.5,NA,NA
2022,IL,Illinois,33.4,NA,NA,22.8,NA,NA
2022,IN,Indiana,37.7,NA,NA,27.5,NA,NA
2022,IA,Iowa,37.4,NA,NA,25.9,NA,NA
2022,KS,Kansas,35.7,NA,NA,23.3,NA,NA
2022,KY,Kentucky,37.7,NA,NA,26.4,NA,NA
2022,LA,Louisiana,40.1,NA,NA,28.3,NA,NA
2022,ME,Maine,33.1,NA,NA,22.6,NA,NA
2022,MD,Maryland,33.2,NA,NA,21.2,NA,NA
2022,MA,Massachusetts,27.2,NA,NA,21.3,NA,NA
2022,MI,Michigan,34.5,NA,NA,23.9,NA,NA
2022,MN,Minnesota,33.6,NA,NA,20.5,NA,NA
2022,MS,Mississippi,39.5,NA,NA,31.9,NA,NA
2022,MO,Missouri,36.4,NA,NA,25.3,NA,NA
2022,MT,Montana,30.5,NA,NA,19.6,NA,NA
2022,NE,Nebraska,35.3,NA,NA,24.7,NA,NA
2022,NV,Nevada,33.5,NA,NA,26.1,NA,NA
2022,NH,New Hampshire,30.2,NA,NA,20,NA,NA
2022,NJ,New Jersey,29.1,NA,NA,23.3,NA,NA
2022,NM,New Mexico,32.4,NA,NA,24.2,NA,NA
2022,NY,New York,30.1,NA,NA,25.6,NA,NA
2022,NC,North Carolina,34.1,NA,NA,23.1,NA,NA
2022,ND,North Dakota,35.4,NA,NA,24,NA,NA
2022,OH,Ohio,38.1,NA,NA,25.1,NA,NA
2022,OK,Oklahoma,40,NA,NA,29.5,NA,NA
2022,OR,Oregon,30.9,NA,NA,19,NA,NA
2022,PA,Pennsylvania,33.4,NA,NA,22.5,NA,NA
2022,RI,Rhode Island,30.8,NA,NA,24.2,NA,NA
2022,SC,South Carolina,35,NA,NA,26,NA,NA
2022,SD,South Dakota,36.8,NA,NA,23.4,NA,NA
2022,TN,Tennessee,38.9,NA,NA,27.7,NA,NA
2022,TX,Texas,35.5,NA,NA,25.5,NA,NA
2022,UT,Utah,31.1,NA,NA,16.9,NA,NA
2022,VT,Vermont,26.8,NA,NA,19.8,NA,NA
2022,VA,Virginia,35.2,NA,NA,20.9,NA,NA
2022,WA,Washington,31.7,NA,NA,17.5,NA,NA
2022,WV,West Virginia,41,NA,NA,30.2,NA,NA
2022,WI,Wisconsin,37.7,NA,NA,21.9,NA,NA
2022,WY,Wyoming,34.3,NA,NA,22.6,NA,NA
2022,US,National,33.3,NA,NA,23.7,NA,NA
2022,GU,Guam,32.7,NA,NA,28,NA,NA
2022,PR,Puerto Rico,34.1,NA,NA,43.6,NA,NA
2022,VI,Virgin Islands,32.1,NA,NA,24.6,NA,NA
2023,AL,Alabama,39.2,56.3,34.4,29.1,NA,NA
2023,AK,Alaska,35.2,65,44.1,20.9,NA,NA
2023,AZ,Arizona,31.9,63.1,44.9,21.3,NA,NA
2023,AR,Arkansas,40,52.8,39.5,32.5,NA,NA
2023,CA,California,27.7,62.2,39.7,22.9,NA,NA
2023,CO,Colorado,24.9,67,44.8,17.5,NA,NA
2023,CT,Connecticut,29.4,57.3,43.2,25.5,NA,NA
2023,DE,Delaware,35.7,59.9,38.6,26,NA,NA
2023,DC,District of Columbia,23.5,67.8,49.1,15.2,NA,NA
2023,FL,Florida,30.1,60,43.6,25.4,NA,NA
2023,GA,Georgia,35,58.8,41.6,24.7,NA,NA
2023,HI,Hawaii,26.1,63.8,43.2,21.7,NA,NA
2023,ID,Idaho,31,64.7,39.1,21.1,NA,NA
2023,IL,Illinois,36,61.2,39.8,21.4,NA,NA
2023,IN,Indiana,37.8,61.9,40.3,24.4,NA,NA
2023,IA,Iowa,37.8,58.6,36.4,24.1,NA,NA
2023,KS,Kansas,35.9,58.5,38.5,24.9,NA,NA
2023,LA,Louisiana,39.9,54.5,40.8,30.1,NA,NA
2023,ME,Maine,32.6,66.1,38.9,22.6,NA,NA
2023,MD,Maryland,34.1,59.8,42.4,22.7,NA,NA
2023,MA,Massachusetts,27.4,63.5,41.3,22,NA,NA
2023,MI,Michigan,35.4,59.1,42,25.3,NA,NA
2023,MN,Minnesota,33.3,62.3,41.1,22.8,NA,NA
2023,MS,Mississippi,40.1,51.2,35.2,33.4,NA,NA
2023,MO,Missouri,35.3,53.9,35.3,28.1,NA,NA
2023,MT,Montana,30.5,66.3,43.2,19.6,NA,NA
2023,NE,Nebraska,36.6,60,39.2,23.8,NA,NA
2023,NV,Nevada,30.8,58.3,42.9,25.7,NA,NA
2023,NH,New Hampshire,32.8,63.3,43.4,21.2,NA,NA
2023,NJ,New Jersey,28.9,59.3,43.3,24.2,NA,NA
2023,NM,New Mexico,35.3,61.6,41.3,24,NA,NA
2023,NY,New York,28,58.4,41.8,26.1,NA,NA
2023,NC,North Carolina,34,59.9,34.1,21.9,NA,NA
2023,ND,North Dakota,35.6,63.5,41.2,21.5,NA,NA
2023,OH,Ohio,36.4,58,42.3,26.4,NA,NA
2023,OK,Oklahoma,38.7,51.1,34.1,31,NA,NA
2023,OR,Oregon,33.6,67,41,19.4,NA,NA
2023,RI,Rhode Island,31.6,57.3,40.7,26.4,NA,NA
2023,SC,South Carolina,36,59.1,44.3,26.3,NA,NA
2023,SD,South Dakota,36,59.3,38.4,25.7,NA,NA
2023,TN,Tennessee,37.6,57.6,40.7,26,NA,NA
2023,TX,Texas,34.4,56.5,42.9,27.8,NA,NA
2023,UT,Utah,30.2,65.1,44.5,16.2,NA,NA
2023,VT,Vermont,28.8,66.5,41.9,20.3,NA,NA
2023,VA,Virginia,34.3,63.5,42.3,22.3,NA,NA
2023,WA,Washington,30.6,66.5,40.9,18.1,NA,NA
2023,WV,West Virginia,41.2,53.1,30.7,32,NA,NA
2023,WI,Wisconsin,35.9,58,39.2,26.8,NA,NA
2023,WY,Wyoming,33.3,60.9,42,26.2,NA,NA
2023,US,National,32.8,59.9,41,24.5,NA,NA
2023,GU,Guam,35.4,55.3,42,28.7,NA,NA
2023,PR,Puerto Rico,36,33.9,15,52.1,NA,NA
2023,VI,Virgin Islands,32.1,55.4,37.1,31.2,NA,NA
2024,AL,Alabama,38.9,NA,NA,27.6,NA,NA
2024,AK,Alaska,34,NA,NA,18.1,NA,NA
2024,AZ,Arizona,33.3,NA,NA,21.8,NA,NA
2024,AR,Arkansas,38.9,NA,NA,28.5,NA,NA
2024,CA,California,29.1,NA,NA,20.7,NA,NA
2024,CO,Colorado,25,NA,NA,15.6,NA,NA
2024,CT,Connecticut,32,NA,NA,20.8,NA,NA
2024,DE,Delaware,36.6,NA,NA,25.2,NA,NA
2024,DC,District of Columbia,25.5,NA,NA,13.9,NA,NA
2024,FL,Florida,29.6,NA,NA,25,NA,NA
2024,GA,Georgia,35.4,NA,NA,23,NA,NA
2024,GU,Guam,40.2,NA,NA,30.2,NA,NA
2024,HI,Hawaii,27,NA,NA,21.3,NA,NA
2024,ID,Idaho,32.7,NA,NA,20.7,NA,NA
2024,IL,Illinois,34.2,NA,NA,23.3,NA,NA
2024,IN,Indiana,38.4,NA,NA,24.6,NA,NA
2024,IA,Iowa,36.6,NA,NA,21.8,NA,NA
2024,KS,Kansas,37.6,NA,NA,22.4,NA,NA
2024,KY,Kentucky,37.2,NA,NA,28,NA,NA
2024,LA,Louisiana,39.2,NA,NA,27.6,NA,NA
2024,ME,Maine,33.2,NA,NA,21.4,NA,NA
2024,MD,Maryland,32.7,NA,NA,19.5,NA,NA
2024,MA,Massachusetts,27,NA,NA,18.8,NA,NA
2024,MI,Michigan,36.1,NA,NA,22,NA,NA
2024,MN,Minnesota,32.3,NA,NA,17.5,NA,NA
2024,MS,Mississippi,40.4,NA,NA,30.6,NA,NA
2024,MO,Missouri,34.6,NA,NA,24.6,NA,NA
2024,MT,Montana,31,NA,NA,19.1,NA,NA
2024,US,National,33.1,NA,NA,22.5,NA,NA
2024,NE,Nebraska,37.6,NA,NA,21.6,NA,NA
2024,NV,Nevada,34.2,NA,NA,23.2,NA,NA
2024,NH,New Hampshire,31.1,NA,NA,18.6,NA,NA
2024,NJ,New Jersey,27.7,NA,NA,22.8,NA,NA
2024,NM,New Mexico,34.5,NA,NA,21.7,NA,NA
2024,NY,New York,29.5,NA,NA,24,NA,NA
2024,NC,North Carolina,34.5,NA,NA,20.2,NA,NA
2024,ND,North Dakota,36.8,NA,NA,21.7,NA,NA
2024,OH,Ohio,36.9,NA,NA,22.2,NA,NA
2024,OK,Oklahoma,36.8,NA,NA,27.7,NA,NA
2024,OR,Oregon,33.5,NA,NA,19,NA,NA
2024,PA,Pennsylvania,34.2,NA,NA,22.7,NA,NA
2024,PR,Puerto Rico,36.2,NA,NA,42.8,NA,NA
2024,RI,Rhode Island,31.1,NA,NA,22.9,NA,NA
2024,SC,South Carolina,34.6,NA,NA,21.7,NA,NA
2024,SD,South Dakota,37,NA,NA,21.4,NA,NA
2024,TX,Texas,35.6,NA,NA,25.1,NA,NA
2024,UT,Utah,31,NA,NA,16.8,NA,NA
2024,VT,Vermont,29,NA,NA,16,NA,NA
2024,VI,Virgin Islands,37.7,NA,NA,20.4,NA,NA
2024,VA,Virginia,32.3,NA,NA,21.9,NA,NA
2024,WA,Washington,31.5,NA,NA,17.4,NA,NA
2024,WV,West Virginia,41.4,NA,NA,28.7,NA,NA
2024,WI,Wisconsin,37.4,NA,NA,21.7,NA,NA
2024,WY,Wyoming,32.5,NA,NA,21,NA,NA
